timestamp,open,high,low,close,volume,close_time,quote_asset_volume,num_trades,taker_buy_base,taker_buy_quote,ignore
2022-01-01,38.23,40.28,38.23,40.2,363657.52,1641081599999,14339554.8918,21043,202780.39000000,8003091.59110000,0
2022-01-02,40.17,40.66,39.32,40.16,313125.48,1641167999999,12515194.2929,21097,148327.94000000,5931262.88560000,0
2022-01-03,40.14,41.76,39.35,40.22,1360681.05,1641254399999,55110271.2925,72331,730587.60000000,29614219.67870000,0
2022-01-04,40.2,44.1,39.21,41.35,1925906.85,1641340799999,80469684.7012,114541,997515.87000000,41749749.64200000,0
2022-01-05,41.36,42.8,37.07,38.06,1631926.39,1641427199999,66807716.9529,100180,743392.52000000,30508659.73340000,0
2022-01-06,38.06,39.37,36.41,38.64,1298785.12,1641513599999,49049568.47,61867,594265.25000000,22448443.46720000,0
2022-01-07,38.6,38.66,34.63,35.51,1224895.14,1641599999999,44289617.2128,68373,583185.35000000,21081295.01850000,0
2022-01-08,35.51,36.5,33.76,35.22,612556.263,1641686399999,21623953.069992,37582,302613.15000000,10698353.71130000,0
2022-01-09,35.21,37.73,34.99,37.15,495747.78,1641772799999,18084415.4576,31690,237041.09000000,8648155.79370000,0
2022-01-10,37.17,38.33,35.28,38.11,875818.59,1641859199999,32512722.312,67067,433510.37000000,16121496.98880000,0
2022-01-11,38.09,39.93,37.74,39.78,792451.65,1641945599999,30629394.7093,56396,468718.04000000,18119351.54230000,0
2022-01-12,39.76,41.76,39.56,41.43,556086.81,1642031999999,22574921.6764,45044,294011.44000000,11923148.31040000,0
2022-01-13,41.45,42.48,40.6,40.93,596522.42,1642118399999,24737576.4924,43274,290277.22000000,12042601.20850000,0
2022-01-14,40.91,44.75,40.69,44.73,1249352.58,1642204799999,53748938.7461,111610,677025.30000000,29150410.50340000,0
2022-01-15,44.73,48.0,44.32,46.0,1291820.09,1642291199999,59285025.8308,128153,648621.61000000,29785482.17620000,0
2022-01-16,45.99,46.63,45.1,46.43,689321.3,1642377599999,31679421.7893,43535,343267.81000000,15788713.33170000,0
2022-01-17,46.43,46.6,43.71,44.38,828822.3,1642463999999,37410846.6095,60063,346284.08000000,15662396.87110000,0
2022-01-18,44.37,45.22,42.93,44.97,588131.49,1642550399999,25825365.014,47111,275601.57000000,12121487.17680000,0
2022-01-19,44.93,46.99,43.17,46.67,1014659.65,1642636799999,46116498.9203,79854,551259.70000000,25084300.85060000,0
2022-01-20,46.67,49.95,44.97,45.17,1077824.52,1642723199999,51565635.6307,124559,509199.69000000,24407785.82340000,0
2022-01-21,45.15,45.95,37.32,38.52,1928689.13,1642809599999,81893831.619,132072,874851.23000000,37211322.28460000,0
2022-01-22,38.5,39.39,31.5,33.44,1772299.53,1642895999999,61873182.332602,114036,855489.82000000,29834643.18490000,0
2022-01-23,33.43,36.42,33.29,35.99,903790.13,1642982399999,31522217.3607,52032,445748.50000000,15554947.13970000,0
2022-01-24,35.98,36.33,31.18,35.59,1346541.22,1643068799999,44821300.2394,79142,656569.24000000,21861377.66150000,0
2022-01-25,35.59,37.15,34.48,36.46,857954.27,1643155199999,30762205.5315,49278,415454.62000000,14899260.18490000,0
2022-01-26,36.48,38.92,35.41,36.48,1145338.57,1643241599999,42586076.9253,70152,557328.22000000,20734875.02020000,0
2022-01-27,36.48,40.0,35.07,38.35,1125702.83,1643327999999,42330299.4268,67515,521478.90000000,19666120.53940000,0
2022-01-28,38.34,40.17,37.63,40.01,701046.55,1643414399999,27091856.865,46646,342661.49000000,13261324.77890000,0
2022-01-29,40.01,42.0,39.89,41.73,448387.13,1643500799999,18343015.4886,34427,234958.70000000,9617634.79040000,0
2022-01-30,41.74,41.9,40.23,41.05,316821.77,1643587199999,13037712.3699,23207,137389.63000000,5659489.13380000,0
2022-01-31,41.05,44.11,39.56,43.58,855410.43,1643673599999,36151923.9075,58922,463577.87000000,19603677.45880000,0
2022-02-01,43.6,50.08,42.7,45.2,1190168.54,1643759999999,53975138.5101,141115,605478.92000000,27468569.34860000,0
2022-02-02,45.21,46.22,42.2,42.9,812628.29,1643846399999,36089493.3362,68455,375809.10000000,16717953.20960000,0
2022-02-03,42.89,43.19,40.78,42.77,712747.69,1643932799999,29911788.4934,45916,379098.00000000,15924758.24550000,0
2022-02-04,42.73,46.14,42.49,46.03,754103.91,1644019199999,33118526.1342,65518,402589.68000000,17691879.96580000,0
2022-02-05,46.04,47.04,44.99,46.16,599576.68,1644105599999,27711560.8575,53326,302823.51000000,14004149.30540000,0
2022-02-06,46.14,46.87,44.99,46.65,333237.85,1644191999999,15310055.2058,32371,162513.72000000,7473466.28860000,0
2022-02-07,46.63,48.47,45.85,47.22,640037.83,1644278399999,30282783.5967,63839,314592.77000000,14905360.17550000,0
2022-02-08,47.22,48.58,45.18,46.39,594642.94,1644364799999,27721653.7369,55599,296952.46000000,13832753.76650000,0
2022-02-09,46.37,48.22,45.53,47.97,601896.57,1644451199999,28416391.3197,42265,310210.34000000,14634295.62820000,0
2022-02-10,47.96,48.36,44.35,44.55,699147.01,1644537599999,32626316.5513,69423,320938.18000000,15009529.49420000,0
2022-02-11,44.57,45.35,42.9,43.46,432220.03,1644623999999,19134773.1071,38984,202037.47000000,8954415.01160000,0
2022-02-12,43.42,44.88,42.78,44.18,364472.27,1644710399999,16034787.6079,30336,184085.22000000,8102500.35640000,0
2022-02-13,44.18,45.44,43.86,44.32,445019.25,1644796799999,19849976.8011,31859,247839.65000000,11052393.83890000,0
2022-02-14,44.32,45.08,43.32,44.85,437321.39,1644883199999,19286232.5479,36155,199665.98000000,8820825.87260000,0
2022-02-15,44.86,47.42,44.67,47.17,381742.3,1644969599999,17722507.3062,33156,194039.28000000,9008113.50160000,0
2022-02-16,47.21,47.23,45.77,46.38,356106.57,1645055999999,16570247.8342,32319,173704.66000000,8087898.37930000,0
2022-02-17,46.37,46.83,43.16,43.72,428971.49,1645142399999,19358427.2631,36200,167333.48000000,7537318.92480000,0
2022-02-18,43.72,44.4,42.42,43.09,333069.22,1645228799999,14461134.8981,31932,161808.60000000,7025163.50750000,0
2022-02-19,43.08,43.66,41.88,42.78,186041.48,1645315199999,7965177.6156,18268,80398.22000000,3441657.74680000,0
2022-02-20,42.78,42.8,40.27,40.84,355437.57,1645401599999,14600339.5738,24544,175200.44000000,7197883.86510000,0
2022-02-21,40.85,42.53,39.66,39.81,627981.34,1645487999999,25861101.2538,49313,314696.88000000,12985672.47220000,0
2022-02-22,39.81,41.71,39.04,41.51,674300.35,1645574399999,27322416.5981,46734,325413.34000000,13194249.52120000,0
2022-02-23,41.52,43.4,40.66,40.78,479446.06,1645660799999,20165582.9361,39946,236651.22000000,9959961.03420000,0
2022-02-24,40.77,42.54,37.29,41.3,1069203.48,1645747199999,42044199.943,90170,506393.00000000,19911286.74040000,0
2022-02-25,41.27,43.6,41.12,43.09,509164.09,1645833599999,21528071.1215,43958,248972.56000000,10519674.12860000,0
2022-02-26,43.1,44.2,42.63,43.29,279781.54,1645919999999,12163101.7087,28757,138513.58000000,6022296.52700000,0
2022-02-27,43.29,44.25,40.9,41.51,346703.48,1646006399999,14819825.8576,36231,155591.28000000,6652878.54380000,0
2022-02-28,41.53,46.42,41.16,45.95,515030.57,1646092799999,22518500.4632,50831,268255.82000000,11741369.14150000,0
2022-03-01,45.96,47.73,45.21,46.25,528499.97,1646179199999,24454109.1525,59271,250456.09000000,11596756.24830000,0
2022-03-02,46.26,47.59,45.5,46.16,677687.07,1646265599999,31426733.646,62121,325139.18000000,15073957.95840000,0
2022-03-03,46.16,46.4,43.81,44.86,356690.4,1646351999999,16070303.1494,33281,155189.63000000,6985519.41140000,0
2022-03-04,44.88,44.93,40.02,40.5,433902.59,1646438399999,18402275.5971,42185,196504.54000000,8342851.60620000,0
2022-03-05,40.5,41.55,39.75,41.16,229112.21,1646524799999,9297594.5679,20840,114286.06000000,4639768.56290000,0
2022-03-06,41.15,41.41,39.55,39.81,258126.28,1646611199999,10441106.9006,26122,128456.02000000,5190872.80300000,0
2022-03-07,39.81,41.02,38.52,39.76,386503.75,1646697599999,15316308.3089,36484,185890.44000000,7364490.10930000,0
2022-03-08,39.76,41.24,39.64,40.57,352285.31,1646783999999,14305335.3554,30595,162829.86000000,6613806.70180000,0
2022-03-09,40.56,43.47,40.48,42.75,365323.76,1646870399999,15577376.099,33102,183432.27000000,7823688.41880000,0
2022-03-10,42.76,42.85,40.05,40.75,294812.88,1646956799999,12048315.1814,30805,151554.53000000,6190683.13080000,0
2022-03-11,40.74,42.06,39.76,40.81,284079.22,1647043199999,11620489.9257,27475,142097.32000000,5810074.08740000,0
2022-03-12,40.8,41.5,40.71,40.93,97965.23,1647129599999,4031938.6136,11026,49763.45000000,2048654.21120000,0
2022-03-13,40.92,41.45,39.72,39.8,110703.5,1647215999999,4506421.3162,13456,53686.06000000,2184771.82530000,0
2022-03-14,39.78,41.57,39.6,41.47,228200.79,1647302399999,9279269.4484,22823,107374.35000000,4366480.26160000,0
2022-03-15,41.46,41.57,40.06,41.02,203897.73,1647388799999,8314833.8061,22411,94120.42000000,3840596.00400000,0
2022-03-16,41.0,42.83,40.63,42.72,383954.87,1647475199999,16040881.9107,44026,184712.10000000,7718013.26580000,0
2022-03-17,42.72,43.45,42.45,43.06,214644.81,1647561599999,9208635.7273,22605,115202.09000000,4940187.32870000,0
2022-03-18,43.06,45.11,42.36,44.58,238326.32,1647647999999,10396915.5019,30635,123343.55000000,5385341.80610000,0
2022-03-19,44.57,45.34,44.3,44.92,191418.79,1647734399999,8582190.0244,19133,106772.05000000,4787073.81890000,0
2022-03-20,44.9,45.02,43.5,44.03,142175.79,1647820799999,6300949.6942,16398,63928.21000000,2834084.46890000,0
2022-03-21,44.02,45.06,43.47,44.67,218379.01,1647907199999,9694356.1019,20524,103288.23000000,4589816.70450000,0
2022-03-22,44.65,46.69,44.46,45.28,316543.4,1647993599999,14482038.3184,36448,145694.76000000,6668620.45300000,0
2022-03-23,45.27,46.33,44.63,46.16,303030.73,1648079999999,13747968.1211,29520,137104.87000000,6227715.38720000,0
2022-03-24,46.16,49.7,45.9,49.47,654635.84,1648166399999,31126748.8464,74255,361335.77000000,17211335.10320000,0
2022-03-25,49.47,51.48,49.13,49.71,829572.73,1648252799999,41690520.6068,94002,428638.17000000,21546332.94290000,0
2022-03-26,49.71,50.57,49.51,49.92,280066.19,1648339199999,14010000.8782,19177,134525.82000000,6731725.34640000,0
2022-03-27,49.9,52.3,49.56,51.99,358783.82,1648425599999,18200781.0393,47893,190458.98000000,9657590.84060000,0
2022-03-28,51.98,53.28,51.23,51.74,421196.65,1648511999999,22017670.9898,55480,196721.40000000,10287705.67090000,0
2022-03-29,51.74,52.53,50.31,51.11,489229.2,1648598399999,25258227.8531,39874,201185.71000000,10391845.57040000,0
2022-03-30,51.1,52.2,49.78,51.17,434345.25,1648684799999,22166950.2902,42820,197446.11000000,10088951.11450000,0
2022-03-31,51.18,51.75,48.54,48.83,520234.29,1648771199999,26125834.1354,52365,231067.50000000,11595742.77430000,0
2022-04-01,48.82,51.15,47.41,50.49,530891.56,1648857599999,26235441.6811,58044,263242.42000000,13010314.10830000,0
2022-04-02,50.49,51.27,49.4,49.68,448008.26,1648943999999,22615692.5049,43036,211732.28000000,10693590.05540000,0
2022-04-03,49.69,51.28,49.28,50.42,266145.69,1649030399999,13413108.813,30341,123444.27000000,6223912.93940000,0
2022-04-04,50.42,50.43,48.79,50.08,315793.57,1649116799999,15718845.7771,31705,133435.35000000,6642050.44820000,0
2022-04-05,50.09,51.05,48.45,48.55,442294.08,1649203199999,22144496.5663,38249,193636.19000000,9705981.70580000,0
2022-04-06,48.54,48.54,44.98,45.03,461264.63,1649289599999,21563546.9768,47202,207189.79000000,9687975.88870000,0
2022-04-07,45.02,46.11,44.48,45.55,241368.31,1649375999999,10948111.0259,25075,110492.39000000,5009951.29230000,0
2022-04-08,45.54,46.54,44.52,44.68,304508.51,1649462399999,13944491.5341,27856,136419.95000000,6249359.43430000,0
2022-04-09,44.66,45.7,44.57,45.61,109439.79,1649548799999,4932327.241,10002,57007.16000000,2570667.02640000,0
2022-04-10,45.62,46.38,44.81,44.98,122349.94,1649635199999,5582020.4723,14269,62983.65000000,2875357.07720000,0
2022-04-11,44.97,45.21,41.15,41.36,518138.97,1649721599999,22312106.9916,39368,181186.90000000,7781074.99840000,0
2022-04-12,41.36,42.67,41.04,41.78,218149.72,1649807999999,9125087.0755,21014,108927.85000000,4550793.27240000,0
2022-04-13,41.79,43.06,41.38,42.86,175651.97,1649894399999,7421394.9017,18171,82963.53000000,3508134.65630000,0
2022-04-14,42.86,43.31,41.4,41.71,146063.66,1649980799999,6190190.0844,13847,66440.17000000,2818219.35180000,0
2022-04-15,41.72,43.13,41.6,42.7,512336.74,1650067199999,21715955.7389,37427,276437.20000000,11708623.93780000,0
2022-04-16,42.71,43.09,41.33,41.82,206683.27,1650153599999,8762109.4955,21128,102215.47000000,4334463.21700000,0
2022-04-17,41.82,48.51,41.62,44.8,1416305.21,1650239999999,65520560.5699,159254,748375.19000000,34572355.98900000,0
2022-04-18,44.8,44.81,40.21,43.37,1226831.42,1650326399999,51575234.7347,98869,620565.01000000,26091585.78680000,0
2022-04-19,43.37,43.99,42.87,43.48,446021.57,1650412799999,19336766.5848,38565,206959.89000000,8980508.67860000,0
2022-04-20,43.47,44.2,42.33,42.77,456470.2,1650499199999,19758908.9876,45113,215554.08000000,9330108.01430000,0
2022-04-21,42.76,46.0,41.76,42.13,1027803.62,1650585599999,45377593.2102,105691,515834.08000000,22779643.38480000,0
2022-04-22,42.13,42.67,40.9,41.32,445803.08,1650671999999,18635643.1238,40791,223787.67000000,9349422.95850000,0
2022-04-23,41.32,42.17,40.72,41.03,203106.09,1650758399999,8395887.1659,25688,104756.86000000,4332010.21880000,0
2022-04-24,41.02,41.62,40.49,40.79,257618.39,1650844799999,10572189.0455,27193,130571.25000000,5360744.48450000,0
2022-04-25,40.77,42.03,39.58,41.83,382363.16,1650931199999,15545948.9381,40168,186206.86000000,7575629.66820000,0
2022-04-26,41.83,42.21,38.33,38.71,418201.71,1651017599999,16876288.2638,44398,173378.33000000,6999180.58950000,0
2022-04-27,38.68,39.79,38.44,39.57,269558.48,1651103999999,10571178.6622,27396,140267.09000000,5503308.21180000,0
2022-04-28,39.56,40.79,39.33,39.84,246779.87,1651190399999,9901624.6045,27688,113370.34000000,4547225.20930000,0
2022-04-29,39.84,40.43,38.4,38.79,219561.74,1651276799999,8656395.2212,20358,98641.80000000,3886560.76910000,0
2022-04-30,38.79,39.43,37.86,37.95,250905.75,1651363199999,9727044.8861,21589,124988.46000000,4850415.06490000,0
2022-05-01,37.94,39.3,37.76,39.11,288677.28,1651449599999,11119856.4435,24537,146843.67000000,5656491.80420000,0
2022-05-02,39.12,39.94,38.5,39.11,367189.86,1651535999999,14380333.0576,30861,158310.74000000,6198958.95160000,0
2022-05-03,39.12,39.24,37.61,37.79,176112.63,1651622399999,6799263.5455,17876,77563.26000000,2996424.42650000,0
2022-05-04,37.8,39.74,37.69,39.56,307307.71,1651708799999,11911654.8981,25792,151433.57000000,5871650.41160000,0
2022-05-05,39.58,39.82,35.79,36.21,453827.57,1651795199999,17034598.0119,38819,210940.34000000,7917167.20050000,0
2022-05-06,36.19,36.29,34.9,35.89,367414.43,1651881599999,13144225.9601,27601,167846.78000000,6001360.45430000,0
2022-05-07,35.89,35.97,34.47,35.09,189498.12,1651967999999,6733357.1622,15569,87335.87000000,3104017.46800000,0
2022-05-08,35.09,35.14,33.49,33.83,281634.37,1652054399999,9628267.9244,21611,122771.49000000,4196864.43180000,0
2022-05-09,33.83,34.07,30.05,30.15,1034542.42,1652140799999,33371081.554842,68783,414331.21000000,13304434.55900000,0
2022-05-10,30.14,34.84,29.49,33.08,1028595.35,1652227199999,33778915.9416,87847,487075.66000000,15968484.72100000,0
2022-05-11,33.06,33.73,26.36,29.94,1884307.51,1652313599999,58011690.8837,200244,869015.08000000,26598929.51580000,0
2022-05-12,29.9,31.38,26.18,29.67,1705335.85,1652399999999,49676347.9924,214915,864054.34000000,25229732.31180000,0
2022-05-13,29.67,32.63,29.36,30.83,1044815.57,1652486399999,32862901.4816,95443,451449.80000000,14188316.86140000,0
2022-05-14,30.83,31.68,29.94,31.53,307742.9,1652572799999,9484814.9463,28496,163188.46000000,5026475.49050000,0
2022-05-15,31.54,32.78,30.91,32.66,211215.42,1652659199999,6700644.0246,21972,103135.82000000,3274636.20150000,0
2022-05-16,32.66,32.67,30.79,31.82,418383.78,1652745599999,13297432.7257,39840,206249.40000000,6556989.12430000,0
2022-05-17,31.83,32.64,31.16,32.03,266048.73,1652831999999,8521720.5358,23118,122239.77000000,3918497.57100000,0
2022-05-18,32.03,32.25,29.57,29.64,254168.63,1652918399999,7842060.2803,20316,116995.39000000,3610237.20660000,0
2022-05-19,29.65,31.39,29.59,30.91,400287.93,1653004799999,12181129.986,34478,202372.73000000,6166532.07390000,0
2022-05-20,30.91,31.27,29.21,29.72,298643.57,1653091199999,9068730.8476,24321,168466.20000000,5124902.64170000,0
2022-05-21,29.72,30.34,29.44,30.1,112106.83,1653177599999,3357982.2405,9885,55682.29000000,1669436.68420000,0
2022-05-22,30.09,30.93,29.97,30.74,136318.46,1653263999999,4152007.5548,10594,72560.32000000,2210986.14180000,0
2022-05-23,30.74,31.15,29.44,29.68,322499.39,1653350399999,9849464.5299,20367,164972.50000000,5039095.69840000,0
2022-05-24,29.68,30.08,28.71,29.83,340721.06,1653436799999,10028467.5398,24473,154254.29000000,4543382.43190000,0
2022-05-25,29.83,30.28,28.04,29.0,417601.89,1653523199999,12279256.862,34952,203764.03000000,5987268.11090000,0
2022-05-26,29.02,29.33,26.55,27.54,371923.62,1653609599999,10334203.179,28305,174047.36000000,4834557.15840000,0
2022-05-27,27.53,27.68,26.23,26.42,524260.93,1653695999999,14156086.3771,35035,251174.71000000,6784212.97960000,0
2022-05-28,26.42,27.25,26.34,27.11,264349.11,1653782399999,7094165.868,16558,127291.87000000,3414948.39240000,0
2022-05-29,27.11,27.38,26.72,27.28,156325.46,1653868799999,4228815.9456,10391,73139.00000000,1978495.47130000,0
2022-05-30,27.29,29.45,27.12,29.16,455073.42,1653955199999,12973146.7103,31648,216785.04000000,6172630.30150000,0
2022-05-31,29.18,29.49,28.48,28.94,373572.59,1654041599999,10829983.6492,25124,155683.19000000,4514716.45510000,0
2022-06-01,28.96,29.12,26.5,26.89,259217.71,1654127999999,7232363.0026,20407,112372.72000000,3132750.56270000,0
2022-06-02,26.88,27.26,26.41,27.15,261327.15,1654214399999,7021920.4476,17278,120843.38000000,3249257.68120000,0
2022-06-03,27.15,27.31,25.79,25.97,314041.73,1654300799999,8242031.5451,17386,147067.98000000,3861955.15770000,0
2022-06-04,25.97,26.05,25.55,25.99,102685.39,1654387199999,2648664.7533,8070,48695.27000000,1256302.76510000,0
2022-06-05,25.98,26.41,25.66,26.13,167700.17,1654473599999,4364018.9562,10644,84989.62000000,2213348.60560000,0
2022-06-06,26.13,27.64,26.12,27.37,297928.61,1654559999999,8061045.3761,20747,147560.23000000,3992388.90270000,0
2022-06-07,27.38,27.45,25.13,27.06,541591.26,1654646399999,14198691.5336,36766,240116.66000000,6304578.18170000,0
2022-06-08,27.07,28.46,26.38,28.1,657309.56,1654732799999,18158092.4149,43241,293229.19000000,8102046.45780000,0
2022-06-09,28.11,29.14,27.93,28.54,439329.87,1654819199999,12563627.1856,22501,229093.08000000,6549746.26800000,0
2022-06-10,28.53,28.7,27.17,27.6,274798.95,1654905599999,7693557.9642,17494,121476.35000000,3405119.54840000,0
2022-06-11,27.59,28.07,26.56,27.47,338011.32,1654991999999,9235197.0283,20736,162724.28000000,4444832.67390000,0
2022-06-12,27.47,29.32,26.62,27.9,804458.56,1655078399999,22622343.7111,51393,357852.80000000,10051081.97790000,0
2022-06-13,27.9,28.1,23.87,24.51,1458206.66,1655164799999,37194191.5363,101910,609249.60000000,15545347.46690000,0
2022-06-14,24.5,24.79,22.31,23.96,958760.408,1655251199999,22687386.7092,63875,425322.83000000,10062910.72560000,0
2022-06-15,23.95,25.57,21.03,25.56,1112110.23,1655337599999,25524367.3188,89247,533981.42000000,12295128.29720000,0
2022-06-16,25.54,25.92,22.98,23.28,692159.9,1655423999999,16807409.965,46610,373008.93000000,9063919.08310000,0
2022-06-17,23.27,25.11,23.16,24.35,377346.44,1655510399999,9192537.4097,29950,172788.05000000,4213306.38020000,0
2022-06-18,24.35,24.72,21.1,22.79,438090.55,1655596799999,9937404.0209,35996,208836.31000000,4735028.20870000,0
2022-06-19,22.79,25.44,21.69,25.06,425568.76,1655683199999,9945523.1265,34543,208941.36000000,4887906.96940000,0
2022-06-20,25.05,26.92,23.97,26.69,594158.91,1655769599999,15146466.6423,43325,342828.32000000,8749608.42020000,0
2022-06-21,26.68,28.21,26.38,27.39,572307.7,1655855999999,15591460.1128,38243,261983.07000000,7146672.42580000,0
2022-06-22,27.39,27.41,25.09,25.18,404544.03,1655942399999,10572545.4951,30975,165468.00000000,4325965.58240000,0
2022-06-23,25.18,26.47,25.07,26.34,521353.72,1656028799999,13374949.9642,41317,281263.29000000,7205637.82840000,0
2022-06-24,26.32,27.14,25.39,26.72,361766.1,1656115199999,9524721.8607,38398,171111.36000000,4505650.58020000,0
2022-06-25,26.72,28.06,26.18,27.9,698931.18,1656201599999,18961763.2259,51271,339827.44000000,9214334.36760000,0
2022-06-26,27.91,28.99,27.12,27.18,494321.52,1656287999999,13861867.1055,44144,240184.90000000,6738983.06360000,0
2022-06-27,27.17,28.07,26.58,27.16,389887.31,1656374399999,10644920.3472,38176,181543.42000000,4962833.92840000,0
2022-06-28,27.18,27.8,25.55,25.63,417840.02,1656460799999,11210442.2027,25449,179624.17000000,4829177.71350000,0
2022-06-29,25.63,25.87,24.61,24.87,476411.13,1656547199999,12034176.4272,28392,188294.71000000,4756261.39040000,0
2022-06-30,24.87,24.95,23.06,24.59,616923.96,1656633599999,14656003.1307,32227,309244.43000000,7332924.20110000,0
2022-07-01,24.59,25.55,24.02,24.59,667121.21,1656719999999,16506921.4546,37721,289529.11000000,7167911.48310000,0
2022-07-02,24.6,24.8,24.05,24.62,260804.11,1656806399999,6375585.013,14282,95606.91000000,2336744.23700000,0
2022-07-03,24.63,24.67,23.74,24.39,358775.17,1656892799999,8686412.5769,18822,113964.03000000,2756531.27210000,0
2022-07-04,24.38,26.05,23.96,25.91,385945.6,1656979199999,9620747.4085,22362,200324.66000000,4990528.31820000,0
2022-07-05,25.92,26.23,24.41,25.16,526021.95,1657065599999,13255998.6807,27244,224668.73000000,5656833.47480000,0
2022-07-06,25.16,26.51,24.78,26.28,429252.97,1657151999999,10991264.8093,24624,185570.11000000,4761460.58360000,0
2022-07-07,26.29,27.76,25.95,27.43,517004.29,1657238399999,13882305.7766,30271,237753.65000000,6386718.39010000,0
2022-07-08,27.45,28.28,26.83,27.36,412968.85,1657324799999,11337325.5186,39900,194093.00000000,5329960.87060000,0
2022-07-09,27.36,27.68,27.06,27.13,208897.41,1657411199999,5720197.991,27667,98882.80000000,2708452.95780000,0
2022-07-10,27.12,27.14,25.6,25.88,218208.96,1657497599999,5734121.6425,28107,77350.13000000,2030654.13350000,0
2022-07-11,25.89,25.96,24.82,24.98,273338.72,1657583999999,6948492.5153,33215,114579.80000000,2912432.71990000,0
2022-07-12,24.98,25.1,23.82,23.87,271978.24,1657670399999,6676143.6624,33090,114493.63000000,2811678.81490000,0
2022-07-13,23.87,25.03,23.25,25.0,344764.36,1657756799999,8315694.5926,35221,144744.32000000,3498587.44890000,0
2022-07-14,24.99,26.25,24.43,25.89,476755.57,1657843199999,12070410.0977,29921,234188.66000000,5926951.78780000,0
2022-07-15,25.89,27.42,25.67,26.78,362163.98,1657929599999,9605560.3419,27919,202671.43000000,5379070.36590000,0
2022-07-16,26.78,28.46,26.34,28.01,368610.54,1658015999999,10098924.6734,32117,190104.49000000,5203073.38070000,0
2022-07-17,28.0,28.79,27.41,27.61,286314.81,1658102399999,8034222.4687,26793,158629.00000000,4452506.03870000,0
2022-07-18,27.62,30.11,27.61,29.86,508074.21,1658188799999,14800665.2528,47015,265964.64000000,7739975.72510000,0
2022-07-19,29.85,30.34,27.95,29.12,655552.14,1658275199999,18962760.0693,59982,294255.01000000,8515270.97000000,0
2022-07-20,29.14,30.25,28.36,28.77,526160.96,1658361599999,15479725.0125,45920,253317.23000000,7457194.60150000,0
2022-07-21,28.77,29.72,27.73,29.48,307460.02,1658447999999,8822524.8643,29190,136125.89000000,3917868.72250000,0
2022-07-22,29.48,30.54,28.63,28.91,499035.65,1658534399999,14816302.8457,41057,249753.65000000,7432427.20400000,0
2022-07-23,28.91,29.72,27.7,28.5,320041.47,1658620799999,9202408.706,29108,139131.36000000,4005441.86240000,0
2022-07-24,28.5,29.76,28.34,29.12,288432.75,1658707199999,8403159.581,25837,153526.64000000,4472363.31970000,0
2022-07-25,29.11,29.28,26.93,27.01,417278.45,1658793599999,11613169.4681,32549,173528.09000000,4838990.07140000,0
2022-07-26,27.01,27.1,25.92,27.07,316442.2,1658879999999,8398324.0022,25481,148080.01000000,3936674.10800000,0
2022-07-27,27.05,29.45,26.68,29.43,414366.35,1658966399999,11524979.9863,35346,220689.99000000,6165698.59560000,0
2022-07-28,29.43,30.74,28.57,30.24,397152.7,1659052799999,11791915.0951,39756,188755.31000000,5598247.65800000,0
2022-07-29,30.25,31.57,29.58,31.09,550453.16,1659139199999,16851090.6938,47847,289224.16000000,8854287.86180000,0
2022-07-30,31.1,32.44,30.76,31.11,468100.12,1659225599999,14760086.325,41007,229300.42000000,7227593.87550000,0
2022-07-31,31.11,31.71,30.27,30.39,252130.07,1659311999999,7839568.87,23545,125738.52000000,3913816.29890000,0
2022-08-01,30.37,30.93,29.81,30.75,281800.69,1659398399999,8583674.3005,24480,138356.84000000,4214014.13710000,0
2022-08-02,30.74,31.01,28.81,29.4,454715.97,1659484799999,13451721.1697,38466,172313.55000000,5093358.66190000,0
2022-08-03,29.41,30.0,28.73,29.1,260228.96,1659571199999,7636983.7355,25204,116517.44000000,3423678.54940000,0
2022-08-04,29.07,29.66,28.75,29.14,218343.31,1659657599999,6384368.9793,19900,97663.55000000,2855462.95650000,0
2022-08-05,29.16,30.79,29.07,30.76,381310.48,1659743999999,11488249.0585,29788,197339.08000000,5940893.84450000,0
2022-08-06,30.77,30.9,30.34,30.39,181281.62,1659830399999,5567005.0316,26009,101078.12000000,3104679.39740000,0
2022-08-07,30.39,31.04,30.09,30.67,157730.41,1659916799999,4810761.0168,27370,76848.20000000,2345403.06540000,0
2022-08-08,30.67,32.15,30.37,31.49,258782.1,1660003199999,8115627.4809,38707,135891.98000000,4257193.68350000,0
2022-08-09,31.49,31.6,29.4,29.88,410344.03,1660089599999,12466049.4899,38661,153659.41000000,4677090.14030000,0
2022-08-10,29.88,31.63,29.17,31.37,359074.16,1660175999999,10955076.0852,28115,188462.12000000,5764379.65400000,0
2022-08-11,31.37,32.64,30.35,30.52,613828.15,1660262399999,19385890.2944,56872,317636.84000000,10045882.32110000,0
2022-08-12,30.53,31.25,29.89,31.22,216251.53,1660348799999,6605566.5073,19556,102831.62000000,3144382.73380000,0
2022-08-13,31.21,31.9,31.08,31.33,295767.64,1660435199999,9305078.8836,23028,162775.11000000,5122176.68760000,0
2022-08-14,31.34,32.0,30.62,30.84,240766.89,1660521599999,7541943.9056,18212,112236.78000000,3519111.55320000,0
2022-08-15,30.85,31.9,30.19,30.85,238722.3,1660607999999,7352228.7278,19916,110331.75000000,3402569.93110000,0
2022-08-16,30.84,31.15,30.34,30.67,210537.59,1660694399999,6474564.1982,19701,107934.21000000,3320979.97350000,0
2022-08-17,30.67,31.5,29.97,30.11,242661.53,1660780799999,7404532.1384,21478,117796.18000000,3597152.81880000,0
2022-08-18,30.11,30.55,29.81,29.95,128341.65,1660867199999,3879219.1084,12925,59876.28000000,1811261.91820000,0
2022-08-19,29.94,29.94,26.35,26.41,526268.65,1660953599999,14568453.4705,39401,236044.96000000,6527267.14090000,0
2022-08-20,26.41,27.25,26.09,26.69,254771.54,1661039999999,6830893.3879,21790,127586.79000000,3420328.31500000,0
2022-08-21,26.69,27.94,26.69,27.72,207233.71,1661126399999,5659714.5451,18597,109137.46000000,2981994.68140000,0
2022-08-22,27.71,27.78,26.51,27.72,255171.14,1661212799999,6931694.8203,22505,112294.71000000,3054801.99690000,0
2022-08-23,27.73,28.01,26.91,27.78,208344.06,1661299199999,5750391.8818,22201,105462.84000000,2913694.08760000,0
2022-08-24,27.79,28.08,27.2,27.55,152837.85,1661385599999,4219831.2059,15929,75871.91000000,2096078.30870000,0
2022-08-25,27.56,28.3,27.53,27.94,160129.37,1661471999999,4475280.6912,13422,91231.04000000,2551909.76190000,0
2022-08-26,27.93,28.16,25.71,25.97,360543.16,1661558399999,9740547.8325,31558,162287.61000000,4385549.73430000,0
2022-08-27,25.95,26.09,25.45,25.8,195509.1,1661644799999,5041748.508,14762,99074.44000000,2556485.05380000,0
2022-08-28,25.8,26.09,25.14,25.35,139284.65,1661731199999,3583288.0038,12940,67723.79000000,1743824.50530000,0
2022-08-29,25.37,27.43,25.26,27.34,315564.53,1661817599999,8333646.2617,25505,174785.53000000,4611747.81180000,0
2022-08-30,27.34,27.73,26.01,26.6,317416.5,1661903999999,8562037.2813,29969,157757.03000000,4261588.60470000,0
2022-08-31,26.61,27.79,26.48,26.73,313771.43,1661990399999,8537851.6726,26901,147158.79000000,4004944.03340000,0
2022-09-01,26.72,26.99,26.1,26.91,164894.69,1662076799999,4374960.1128,15211,79506.05000000,2110033.89960000,0
2022-09-02,26.91,27.18,26.05,26.31,249472.09,1662163199999,6672308.6342,19592,108944.43000000,2913048.77640000,0
2022-09-03,26.3,26.41,25.94,26.2,84306.95,1662249599999,2206611.3294,7539,41223.54000000,1079496.95970000,0
2022-09-04,26.2,26.48,25.87,26.4,108169.26,1662335999999,2832006.4076,9850,52291.69000000,1369406.33770000,0
2022-09-05,26.41,26.69,25.92,26.62,100201.68,1662422399999,2630554.5977,8863,49417.79000000,1297607.59840000,0
2022-09-06,26.62,27.15,25.34,25.64,265516.59,1662508799999,7004531.8014,21933,119702.90000000,3161123.76650000,0
2022-09-07,25.67,26.45,25.03,25.99,441479.97,1662595199999,11292455.0738,34431,225670.31000000,5770616.10930000,0
2022-09-08,26.01,26.27,25.57,26.05,236625.51,1662681599999,6136901.1018,19293,96712.30000000,2509822.49870000,0
2022-09-09,26.05,27.9,26.01,27.21,350136.3,1662767999999,9541980.7732,30949,186106.16000000,5072524.21990000,0
2022-09-10,27.21,27.86,27.03,27.69,247685.9,1662854399999,6781301.5303,33020,137283.08000000,3758622.01590000,0
2022-09-11,27.69,27.99,27.27,27.89,296685.84,1662940799999,8185061.316,33638,162839.37000000,4493870.39710000,0
2022-09-12,27.87,28.6,27.46,28.46,559408.96,1663027199999,15722560.4994,63334,317877.43000000,8939392.50250000,0
2022-09-13,28.46,29.23,25.82,25.89,821422.44,1663113599999,22758722.3204,81398,381599.73000000,10604422.50460000,0
2022-09-14,25.88,26.21,24.76,25.5,445592.24,1663199999999,11424075.4728,48287,186095.92000000,4771574.95480000,0
2022-09-15,25.49,25.6,23.9,24.08,703980.06,1663286399999,17361744.5791,56860,269877.60000000,6658578.91570000,0
2022-09-16,24.1,24.38,23.55,24.08,247195.2,1663372799999,5945326.4402,22922,122389.06000000,2943602.31900000,0
2022-09-17,24.07,24.68,24.01,24.62,164535.94,1663459199999,4004196.6153,15547,88815.01000000,2162791.89030000,0
2022-09-18,24.62,24.62,23.3,23.45,260220.22,1663545599999,6241565.3353,21699,116755.72000000,2795760.60770000,0
2022-09-19,23.45,24.4,22.43,24.19,638838.47,1663631999999,14952837.148,48093,341367.46000000,7994552.45030000,0
2022-09-20,24.19,24.31,23.24,23.34,328076.94,1663718399999,7783814.5161,25229,130538.46000000,3096737.70680000,0
2022-09-21,23.35,24.31,22.37,22.71,428633.07,1663804799999,10046426.8421,38389,200989.44000000,4708432.94340000,0
2022-09-22,22.7,23.85,22.62,23.73,317741.0,1663891199999,7367302.1034,26433,126461.81000000,2934273.30590000,0
2022-09-23,23.73,24.03,22.88,23.88,426973.66,1663977599999,10012355.2924,30114,182906.32000000,4292157.93540000,0
2022-09-24,23.88,24.14,23.55,23.68,172969.2,1664063999999,4130110.3741,17039,76341.07000000,1823872.16230000,0
2022-09-25,23.68,23.96,23.28,23.5,142175.7,1664150399999,3364030.0537,13776,58437.79000000,1383598.02140000,0
2022-09-26,23.5,24.23,23.21,24.21,327917.95,1664236799999,7802012.4498,27459,157565.53000000,3751181.54330000,0
2022-09-27,24.21,25.14,23.35,23.63,426151.81,1664323199999,10398448.4895,34778,167717.29000000,4093498.96790000,0
2022-09-28,23.64,24.35,22.84,24.09,330757.11,1664409599999,7792234.7041,26085,148881.15000000,3511991.69520000,0
2022-09-29,24.09,24.34,23.52,24.3,315888.69,1664495999999,7587177.324,26045,129172.17000000,3104383.71690000,0
2022-09-30,24.32,24.97,23.95,24.25,347767.14,1664582399999,8467806.8324,28799,152112.70000000,3704427.69330000,0
2022-10-01,24.25,24.51,23.95,24.28,225895.33,1664668799999,5466439.1049,15473,109535.15000000,2651573.17890000,0
2022-10-02,24.28,24.38,23.86,24.04,144927.8,1664755199999,3498654.5344,13679,62259.11000000,1503147.43400000,0
2022-10-03,24.04,24.86,23.88,24.75,418398.04,1664841599999,10170764.9758,28571,209016.61000000,5087664.47970000,0
2022-10-04,24.75,25.29,24.6,25.11,241309.67,1664927999999,6014227.9694,29406,104543.47000000,2605921.15270000,0
2022-10-05,25.11,25.16,24.39,24.76,176582.73,1665014399999,4376696.8679,26329,67101.49000000,1663749.15450000,0
2022-10-06,24.76,25.17,24.34,24.5,201466.26,1665100799999,5003265.9072,27486,91587.48000000,2275353.76360000,0
2022-10-07,24.51,26.83,24.2,24.48,867209.54,1665187199999,21779648.4197,77340,428442.44000000,10763983.20360000,0
2022-10-08,24.48,24.6,23.94,24.12,111500.31,1665273599999,2713281.8814,8724,34329.82000000,835662.75560000,0
2022-10-09,24.12,24.24,23.95,24.14,104228.23,1665359999999,2512382.8549,8432,39881.50000000,962114.44570000,0
2022-10-10,24.14,24.29,23.52,23.56,282752.7,1665446399999,6751969.2788,16810,92316.99000000,2203505.51260000,0
2022-10-11,23.56,23.61,23.1,23.25,373488.7,1665532799999,8722580.8239,27837,170288.52000000,3978799.33890000,0
2022-10-12,23.26,23.46,23.2,23.36,72790.86,1665619199999,1697644.9972,8858,29631.96000000,691216.55240000,0
2022-10-13,23.35,23.59,22.1,23.44,301442.35,1665705599999,6885013.7092,28767,130334.45000000,2975398.51080000,0
2022-10-14,23.43,24.15,23.32,23.45,190782.26,1665791999999,4544491.7591,18807,89141.75000000,2125126.56220000,0
2022-10-15,23.44,23.57,23.14,23.27,134332.98,1665878399999,3142638.5962,9055,62574.31000000,1463997.69470000,0
2022-10-16,23.28,23.93,23.28,23.72,83976.96,1665964799999,1978768.6718,9114,37319.22000000,879376.88500000,0
2022-10-17,23.73,24.29,23.07,24.13,401396.75,1666051199999,9553427.5181,36959,190800.86000000,4538588.24910000,0
2022-10-18,24.14,24.22,23.31,23.59,236000.76,1666137599999,5624760.3699,19109,106535.46000000,2538543.84190000,0
2022-10-19,23.58,23.65,22.51,22.58,211766.03,1666223999999,4873794.609,16802,77568.75000000,1782358.70840000,0
2022-10-20,22.58,22.8,22.26,22.41,140180.44,1666310399999,3155679.5069,12859,56796.10000000,1278876.65030000,0
2022-10-21,22.42,22.57,21.95,22.45,117946.45,1666396799999,2634170.455,12325,51193.73000000,1144566.95780000,0
2022-10-22,22.45,22.66,22.33,22.59,73937.15,1666483199999,1664530.6589,6551,33087.85000000,745099.68390000,0
2022-10-23,22.59,23.28,22.37,23.16,152077.84,1666569599999,3462503.9238,11603,68972.31000000,1572189.31670000,0
2022-10-24,23.16,23.22,22.56,22.8,113613.06,1666655999999,2595284.8855,10431,46656.30000000,1066310.62120000,0
2022-10-25,22.79,24.45,22.67,23.85,327325.69,1666742399999,7704668.9464,28799,154587.97000000,3637847.69440000,0
2022-10-26,23.85,24.97,23.8,24.65,309754.24,1666828799999,7580746.2529,26931,140490.14000000,3435819.57960000,0
2022-10-27,24.65,24.99,24.14,24.26,294094.63,1666915199999,7225943.5232,24335,133432.92000000,3279872.33680000,0
2022-10-28,24.25,25.0,23.98,24.77,182871.78,1667001599999,4482354.6504,19198,83524.81000000,2049463.54380000,0
2022-10-29,24.77,25.8,24.71,25.43,211703.12,1667087999999,5364790.5046,23407,96657.19000000,2447393.41690000,0
2022-10-30,25.44,26.0,25.28,25.64,189329.31,1667174399999,4856151.5402,20612,83839.53000000,2150621.63290000,0
2022-10-31,25.64,26.49,25.35,26.09,449270.56,1667260799999,11657554.9314,44442,204351.08000000,5302692.12850000,0
2022-11-01,26.1,26.43,25.58,25.85,223175.64,1667347199999,5809790.6289,23510,84134.39000000,2191569.99750000,0
2022-11-02,25.86,26.27,24.92,25.02,318001.22,1667433599999,8170169.0179,35398,147123.94000000,3786745.24400000,0
2022-11-03,25.01,25.34,24.21,24.36,501278.24,1667519999999,12409914.2846,45383,202562.72000000,5013888.95140000,0
2022-11-04,24.35,25.9,24.11,25.46,520128.95,1667606399999,13015451.3155,47322,249062.45000000,6241717.18970000,0
2022-11-05,25.46,25.85,23.82,24.08,612885.25,1667692799999,15312856.8983,51441,268650.00000000,6724485.76060000,0
2022-11-06,24.08,25.47,21.42,22.26,5440759.3,1667779199999,125790148.2898,371224,2436311.27000000,56388095.52570000,0
2022-11-07,22.25,23.9,21.66,22.08,7860774.58,1667865599999,175797508.876,382976,3479667.38000000,77862191.59830000,0
2022-11-08,22.08,22.1,2.51,5.5,145391337.996,1667951999999,1212886765.696019,2742536,68602299.14900000,564023316.67514300,0
2022-11-09,5.4992,6.46,2.012,2.2729,133848102.3,1668038399999,558874098.209048,1794122,64657067.57000000,272500984.15908100,0
2022-11-10,2.2871,4.4136,2.11,3.507,132839566.63,1668124799999,409976937.136013,1357862,66566184.91000000,205760272.04304100,0
2022-11-11,3.5118,3.7499,2.3692,2.6045,82326843.59,1668211199999,243789771.200672,921379,40071715.52000000,118835239.17144200,0
2022-11-12,2.6084,2.635,1.8223,2.1046,62996263.89,1668297599999,136624950.701646,709080,30456566.88000000,66147412.57150400,0
2022-11-13,2.1059,2.29,1.4167,1.4869,66742552.81,1668383999999,124483968.117248,573923,31716902.11000000,59344985.42555200,0
2022-11-14,1.4861,1.9,1.23,1.4928,45638329.72,1668470399999,68761222.805965,248733,19739345.08000000,29867938.59033700,0
2022-11-15,1.4899,1.65,1.3986,1.4322,4602283.5,1668486599999,6919747.545447,24312,2142588.20000000,3232570.12476100,0
2023-09-22,0.9752,1.3329,0.9752,1.0991,9717815.72,1695427199999,10750344.650249,60317,4166626.88000000,4619882.80550100,0
2023-09-23,1.1014,1.162,1.0523,1.1323,5711932.66,1695513599999,6369586.612321,38534,2644682.43000000,2951029.46008100,0
2023-09-24,1.1323,1.3989,1.09,1.2268,21759548.78,1695599999999,27347682.614049,160434,10003696.81000000,12604089.47743000,0
2023-09-25,1.2266,1.36,1.2051,1.26,12180540.46,1695686399999,15550627.253309,92153,5432833.32000000,6938942.43172500,0
2023-09-26,1.2604,1.2756,1.1681,1.1749,4758984.43,1695772799999,5806767.312422,31210,2180048.02000000,2662668.91118300,0
2023-09-27,1.175,1.1767,1.109,1.131,4565419.78,1695859199999,5201456.256956,28418,2174467.05000000,2479748.56658100,0
2023-09-28,1.1323,1.1555,1.12,1.1337,3086578.48,1695945599999,3508062.521291,17450,1319961.62000000,1502667.55826400,0
2023-09-29,1.1331,1.1426,1.1152,1.12,2280357.39,1696031999999,2573321.289093,11190,902714.38000000,1019317.60265300,0
2023-09-30,1.1191,1.133,1.111,1.121,1394167.11,1696118399999,1561178.856826,7894,599132.47000000,671490.20044700,0
2023-10-01,1.122,1.2588,1.1202,1.1825,6886619.01,1696204799999,8154989.562254,40293,3385453.69000000,4009321.78726300,0
2023-10-02,1.1825,1.195,1.1418,1.1547,3372205.73,1696291199999,3927329.257661,19025,1503781.75000000,1753278.61062100,0
2023-10-03,1.1548,1.2979,1.1507,1.1916,10047290.23,1696377599999,12263368.371806,62041,5009537.44000000,6118192.31318900,0
2023-10-04,1.191,1.2334,1.1762,1.2045,4266023.19,1696463999999,5140966.434316,25243,2124652.51000000,2563261.55064300,0
2023-10-05,1.2044,1.2657,1.1927,1.2175,3373788.35,1696550399999,4129249.84486,19806,1785760.80000000,2188822.89293600,0
2023-10-06,1.2175,1.2274,1.185,1.1954,1815255.04,1696636799999,2178465.307408,11180,816542.12000000,980833.98034100,0
2023-10-07,1.1972,1.2184,1.185,1.1934,1405179.97,1696723199999,1682825.866261,8446,698008.88000000,836274.56415200,0
2023-10-08,1.1944,1.198,1.158,1.159,1186152.69,1696809599999,1395170.909238,8124,518261.94000000,609493.80963100,0
2023-10-09,1.159,1.1608,1.0219,1.061,3540401.99,1696895999999,3870104.263937,21663,1433645.60000000,1565080.69221600,0
2023-10-10,1.0609,1.0811,1.0346,1.0447,1743764.89,1696982399999,1837712.291894,10933,785403.96000000,829263.70063700,0
2023-10-11,1.0447,1.0692,1.007,1.0151,1728397.46,1697068799999,1775854.665791,9638,745830.99000000,766974.00167900,0
2023-10-12,1.0163,1.059,1.0074,1.0466,2193335.29,1697155199999,2286210.751637,13264,1084963.24000000,1132198.74285100,0
2023-10-13,1.0479,1.068,1.035,1.05,1414985.19,1697241599999,1487659.21482,7799,715468.87000000,753162.83845200,0
2023-10-14,1.0502,1.0554,1.0378,1.0447,906470.03,1697327999999,947263.954654,5212,411878.99000000,430567.43175000,0
2023-10-15,1.0448,1.087,1.0339,1.0448,1612568.6,1697414399999,1700592.599392,9726,751526.97000000,793503.96566900,0
2023-10-16,1.043,1.0898,1.035,1.0557,2510521.14,1697500799999,2663049.256529,13673,1152004.71000000,1223066.22325000,0
2023-10-17,1.0557,1.0781,0.999,1.0205,3392542.09,1697587199999,3495149.923599,15883,1538724.69000000,1587132.39117000,0
2023-10-18,1.0193,1.05,0.971,1.0078,3242328.77,1697673599999,3247399.226916,17207,1593436.25000000,1597959.03825400,0
2023-10-19,1.0062,1.1917,1.001,1.0314,18951649.7,1697759999999,20788274.009241,93505,9109620.28000000,10010494.81516100,0
2023-10-20,1.0315,1.0771,1.023,1.047,4564299.29,1697846399999,4792615.10571,19966,2111830.63000000,2218006.02273700,0
2023-10-21,1.0467,1.0611,1.0235,1.0464,2796555.35,1697932799999,2924173.907177,13166,1294102.00000000,1354228.05693200,0
2023-10-22,1.0452,1.0575,1.0311,1.048,2003804.64,1698019199999,2092384.142126,8659,948695.87000000,991172.17122900,0
2023-10-23,1.0483,1.0807,1.0402,1.0721,4111336.47,1698105599999,4346927.524058,18337,1882765.15000000,1993969.47548400,0
2023-10-24,1.0716,1.1999,1.038,1.14,14598981.72,1698191999999,16375672.762183,61445,7389773.37000000,8303006.65271300,0
2023-10-25,1.1404,1.4511,1.115,1.291,25191689.53,1698278399999,32211250.97374,119761,12576862.52000000,16096108.66998300,0
2023-10-26,1.291,1.368,1.1986,1.2909,12020978.36,1698364799999,15468083.106229,56921,5803026.35000000,7475644.82683300,0
2023-10-27,1.2909,1.35,1.23,1.2548,6022286.4,1698451199999,7815539.829695,30479,2675526.09000000,3484978.39240900,0
2023-10-28,1.2562,1.31,1.233,1.27,2933139.05,1698537599999,3727577.253912,15772,1381721.57000000,1757926.32739900,0
2023-10-29,1.27,1.296,1.2601,1.2734,2123842.93,1698623999999,2710651.842145,10957,981981.50000000,1253707.93322500,0
2023-10-30,1.2736,1.28,1.233,1.2569,2756447.8,1698710399999,3484551.178998,13327,1181808.38000000,1494897.15133200,0
2023-10-31,1.2563,1.2712,1.2002,1.2207,3674980.1,1698796799999,4551623.337967,17540,1603267.07000000,1987737.81245300,0
2023-11-01,1.2208,1.3333,1.1701,1.271,9284434.41,1698883199999,11632150.942204,44666,4634066.96000000,5811312.83566200,0
2023-11-02,1.2709,1.32,1.238,1.2575,5703662.38,1698969599999,7221284.408519,26925,2728656.42000000,3460418.21195000,0
2023-11-03,1.2555,1.27,1.1469,1.1682,5472043.46,1699055999999,6486604.15111,29553,2425048.32000000,2874121.11122800,0
2023-11-04,1.1681,1.2,1.1663,1.1783,3492096.37,1699142399999,4143364.09995,15173,1731090.69000000,2055627.71790300,0
2023-11-05,1.1784,1.1865,1.0785,1.1386,5989346.39,1699228799999,6815701.116419,32214,2661471.53000000,3030773.43020000,0
2023-11-06,1.1378,1.32,1.1195,1.2308,12848434.94,1699315199999,15736939.868401,65087,6290374.30000000,7695099.17390100,0
2023-11-07,1.2329,1.24,1.17,1.2155,4466612.99,1699401599999,5392981.889586,26035,1946022.08000000,2350309.76683200,0
2023-11-08,1.2183,1.498,1.2072,1.356,18402979.44,1699487999999,25176880.530595,109431,9178244.78000000,12564011.36737400,0
2023-11-09,1.356,2.45,1.345,2.1999,97112859.12,1699574399999,201588785.082232,686043,49274450.43000000,102285701.35774800,0
2023-11-10,2.1995,5.5347,2.0884,4.3264,133307039.08,1699660799999,479721569.150515,1255030,68981991.99000000,248121873.94799300,0
2023-11-11,4.3263,4.896,3.1831,3.2405,84466684.76,1699747199999,355489485.284894,892250,40735036.79000000,172860157.68169500,0
2023-11-12,3.234,4.236,2.811,3.4174,60396202.81,1699833599999,209874574.508209,539024,29597575.57000000,103147633.26643500,0
2023-11-13,3.4258,4.04,3.02,3.0783,42849994.74,1699919999999,150576253.998836,423198,20128961.86000000,71103319.95753900,0
2023-11-14,3.0783,3.52,3.05,3.1944,24971789.29,1700006399999,81660621.508664,208945,11898977.84000000,39001544.81401800,0
2023-11-15,3.1968,3.8588,3.1922,3.6208,30662831.91,1700092799999,109506743.342467,280065,15123209.05000000,54053170.13176800,0
2023-11-16,3.6168,4.0,3.251,3.35,23306471.49,1700179199999,84079140.386527,217162,11146810.12000000,40319395.53549100,0
2023-11-17,3.35,3.4945,2.76,3.1544,21835822.24,1700265599999,67282325.707184,190785,10080590.52000000,31128847.76282700,0
2023-11-18,3.1519,3.6784,2.8888,3.435,32163610.17,1700351999999,107771393.716928,296001,16093849.75000000,54022767.92571000,0
2023-11-19,3.4379,3.6205,3.3,3.42,17536404.03,1700438399999,60185805.51861,159610,8690166.03000000,29897610.62492400,0
2023-11-20,3.4232,3.4989,3.08,3.1265,9560300.24,1700524799999,31752308.488933,99715,4285908.87000000,14258089.94977800,0
2023-11-21,3.1299,3.9831,2.9,3.2681,39216894.09,1700611199999,134974177.808384,482316,20077872.41000000,69498269.15545100,0
2023-11-22,3.2746,4.66,3.245,4.4429,57243525.11,1700697599999,233780181.675301,803887,28945795.34000000,118326444.31420400,0
2023-11-23,4.4421,4.8783,4.1005,4.2944,29604122.75,1700783999999,134041091.044329,555595,14208543.49000000,64491081.22165900,0
2023-11-24,4.2896,4.4538,3.9212,4.3794,18689167.97,1700870399999,77930240.778733,359463,9200621.28000000,38462115.57520300,0
2023-11-25,4.3778,4.54,4.1224,4.1981,12289989.04,1700956799999,52711747.404958,250925,5814274.28000000,24962984.76770600,0
2023-11-26,4.2018,4.2367,3.8866,4.0241,12809919.74,1701043199999,51835492.663277,240256,5887927.28000000,23851450.69944500,0
2023-11-27,4.0238,4.13,3.41,3.6297,20886374.69,1701129599999,76592224.740787,311045,9763535.09000000,35836641.38111900,0
2023-11-28,3.6297,4.5553,3.5,4.0932,30010253.75,1701215999999,124431901.077911,516843,15234461.29000000,63205587.66034900,0
2023-11-29,4.0937,4.45,3.84,4.101,17820593.3,1701302399999,72956642.252788,298742,9016280.01000000,37018245.20728100,0
2023-11-30,4.1,4.4,3.915,4.0981,14512100.64,1701388799999,60380945.928099,264270,7183412.95000000,29954817.14375900,0
2023-12-01,4.0981,4.24,4.04,4.1054,7536903.93,1701475199999,31141871.31874,150595,3549606.75000000,14678876.63906300,0
2023-12-02,4.1074,4.4,4.08,4.2272,8612602.75,1701561599999,36080504.419171,142239,4329254.66000000,18167515.82724000,0
2023-12-03,4.2272,5.4,4.1722,4.9902,31965484.13,1701647999999,153744937.41161,517965,16010152.79000000,76994251.11409900,0
2023-12-04,4.9927,5.338,4.5531,4.6358,22951381.19,1701734399999,112932450.875463,385434,10811211.75000000,53422793.83729600,0
2023-12-05,4.6399,4.7797,4.1632,4.4059,18793075.46,1701820799999,83359384.682694,314009,8861606.56000000,39326657.65923400,0
2023-12-06,4.4021,4.838,4.1322,4.3063,16001751.09,1701907199999,71469384.589801,272757,7802704.77000000,34932903.93970400,0
2023-12-07,4.3056,4.72,4.2711,4.4325,10990466.54,1701993599999,49053577.06183,208915,5346052.65000000,23908813.89543200,0
2023-12-08,4.4313,4.65,4.399,4.4899,7428564.01,1702079999999,33308793.429808,153703,3706504.87000000,16640767.06345300,0
2023-12-09,4.4899,5.105,4.43,4.6674,13362829.24,1702166399999,62798246.620154,244491,6702101.15000000,31541367.26762200,0
2023-12-10,4.6673,6.06,4.6,5.57,38953962.98,1702252799999,213451541.807526,756716,19833108.96000000,108828873.75080900,0
2023-12-11,5.5691,5.6395,4.4936,5.1553,19131370.75,1702339199999,95053108.61235,329817,8515103.45000000,42384643.36479300,0
2023-12-12,5.152,5.35,4.57,4.9502,17399861.65,1702425599999,85966309.939413,321812,8406059.34000000,41594080.87118700,0
2023-12-13,4.9582,5.7,4.661,5.0763,24642132.44,1702511999999,127535617.590514,459830,11972086.84000000,62227353.07052700,0
2023-12-14,5.0716,5.2188,4.7777,4.9187,14118492.35,1702598399999,69358767.415128,297422,6886333.48000000,33846346.91359600,0
2023-12-15,4.9187,4.98,3.725,4.0905,18388435.96,1702684799999,81301881.048325,442240,8286354.84000000,36546949.82406000,0
2023-12-16,4.0922,4.51,3.8329,3.8609,13273678.23,1702771199999,54297168.664425,338690,5839996.41000000,24009844.82037600,0
2023-12-17,3.861,4.03,3.4453,3.5889,13386664.3,1702857599999,49640755.616417,364856,6244535.31000000,23189001.47991600,0
2023-12-18,3.5888,3.9699,3.0601,3.407,15707753.6,1702943999999,55040862.602151,372202,7539970.91000000,26421617.91154200,0
2023-12-19,3.4103,4.5158,3.3714,3.7858,27141557.64,1703030399999,106824671.780412,535546,13738409.45000000,54136517.85027000,0
2023-12-20,3.7874,3.9199,3.5,3.697,12079197.67,1703116799999,44414080.415331,265517,5843878.43000000,21499993.22371400,0
2023-12-21,3.6955,3.85,3.52,3.6648,6388393.71,1703203199999,23307876.22161,168914,2930122.98000000,10707792.46869400,0
2023-12-22,3.6634,3.688,3.52,3.5997,6065829.2,1703289599999,21859632.566756,149914,2894505.80000000,10441762.09749300,0
2023-12-23,3.6004,3.8494,3.54,3.6805,7208057.29,1703375999999,26506173.47442,168845,3676795.56000000,13536997.41620100,0
2023-12-24,3.6851,3.96,3.68,3.7168,7344474.22,1703462399999,27868731.018187,187720,3603117.52000000,13687557.42906900,0
2023-12-25,3.7169,3.7307,3.5449,3.6516,5807125.76,1703548799999,21083152.409897,141839,2718171.54000000,9875662.95868300,0
2023-12-26,3.656,3.71,3.3,3.446,6197424.48,1703635199999,21827054.496454,146321,2739370.97000000,9655290.07574400,0
2023-12-27,3.4465,3.4664,3.3014,3.3722,4131181.12,1703721599999,13944331.755331,113602,2021405.03000000,6826110.05147600,0
2023-12-28,3.3708,3.425,3.05,3.0957,6086409.06,1703807999999,19422333.451985,157615,2920727.23000000,9322972.78346400,0
2023-12-29,3.096,3.2785,2.8444,2.9868,8832211.03,1703894399999,27022076.289982,193464,4191047.97000000,12856275.57090900,0
2023-12-30,2.9868,3.62,2.95,3.3985,20114201.36,1703980799999,69257243.466415,484444,10363879.75000000,35708241.95221600,0
2023-12-31,3.3984,3.4353,2.989,3.064,6552541.58,1704067199999,21180628.214385,166538,2943338.54000000,9527745.41058900,0
2024-01-01,3.0615,3.2,2.9818,3.1454,5083798.85,1704153599999,15689227.771389,137269,2413248.37000000,7461320.52298100,0
2024-01-02,3.1471,3.368,3.0686,3.1226,5025987.06,1704239999999,16066080.993375,133865,2491634.04000000,7976393.36461900,0
2024-01-03,3.1226,3.27,2.5508,2.7471,8922152.1,1704326399999,25850255.309037,161550,4222456.00000000,12252266.39099200,0
2024-01-04,2.7472,2.9558,2.6744,2.8925,5380989.65,1704412799999,15081285.735606,101828,2709784.13000000,7600764.14729000,0
2024-01-05,2.8922,3.1998,2.7009,2.8561,9004301.63,1704499199999,26323670.171055,185944,4411628.47000000,12908190.92857200,0
2024-01-06,2.8561,2.8632,2.641,2.734,3823796.16,1704585599999,10518101.421213,83710,1788770.70000000,4919773.97904600,0
2024-01-07,2.7339,2.7866,2.4349,2.5354,4531037.5,1704671999999,12054482.195538,99216,2172184.45000000,5783832.50352000,0
2024-01-08,2.536,2.7548,2.318,2.6582,5301137.68,1704758399999,13239061.06304,122341,2634696.49000000,6591910.92540400,0
2024-01-09,2.6588,2.75,2.33,2.467,4136980.17,1704844799999,10350975.125066,100336,1965550.73000000,4919397.32173600,0
2024-01-10,2.4676,2.7149,2.36,2.583,4176040.72,1704931199999,10465608.253933,83770,2123524.32000000,5338619.95274500,0
2024-01-11,2.5832,2.85,2.5375,2.6947,6276291.1,1705017599999,16989887.989145,104155,3007653.75000000,8146617.44785400,0
2024-01-12,2.6946,3.4749,2.6801,3.1531,25289208.05,1705103999999,79694852.896824,573840,12897127.74000000,40673086.76963100,0
2024-01-13,3.1523,3.195,2.8327,3.0242,7759457.93,1705190399999,23145294.793231,168618,3628384.75000000,10839419.30180600,0
2024-01-14,3.0242,3.15,2.88,2.9567,5665851.43,1705276799999,17073859.190333,146577,2657668.62000000,8023999.95954400,0
2024-01-15,2.9623,3.28,2.9415,3.0863,6725066.79,1705363199999,20897753.202654,164317,3329921.69000000,10361468.74786000,0
2024-01-16,3.0864,3.24,3.0424,3.1211,4840982.05,1705449599999,15125581.316536,120795,2365866.80000000,7401314.26577500,0
2024-01-17,3.1214,3.1275,2.9366,2.9968,4416001.63,1705535999999,13322736.649681,112286,1978648.62000000,5971997.12390000,0
2024-01-18,2.9965,3.06,2.6747,2.7533,4633822.66,1705622399999,13237488.22147,89859,2155010.61000000,6160533.81095700,0
2024-01-19,2.7539,2.7916,2.4397,2.679,4321432.79,1705708799999,11359024.837639,63718,1965101.61000000,5163738.32403400,0
2024-01-20,2.679,2.8768,2.5473,2.713,2851981.2,1705795199999,7627412.034501,61262,1403849.45000000,3757774.93873500,0
2024-01-21,2.7137,2.816,2.642,2.7029,2284769.88,1705881599999,6212297.238738,52072,1064183.71000000,2896319.42148200,0
2024-01-22,2.7029,2.9777,2.4728,2.7271,8960955.43,1705967999999,24268743.088434,137228,4520819.20000000,12268559.09145800,0
2024-01-23,2.7263,2.9117,2.5502,2.6557,9079025.82,1706054399999,24634937.788087,142896,4430230.46000000,12065045.28556700,0
2024-01-24,2.6558,2.74,2.6112,2.6812,2681588.38,1706140799999,7190845.164844,41756,1304940.30000000,3501729.81403800,0
2024-01-25,2.6811,2.76,2.5267,2.5958,2963655.76,1706227199999,7820313.287224,45097,1370008.72000000,3622446.60802600,0
2024-01-26,2.5937,2.7288,2.5727,2.6884,2829676.79,1706313599999,7517326.331649,58098,1454706.15000000,3866968.40886500,0
2024-01-27,2.688,2.9,2.65,2.7561,4288318.26,1706399999999,11886938.187376,93949,2223952.23000000,6172247.01611100,0
2024-01-28,2.7564,2.8499,2.6837,2.7193,2580275.23,1706486399999,7150221.695505,47877,1198600.77000000,3325722.15640400,0
2024-01-29,2.7188,2.8199,2.6574,2.763,2552295.6,1706572799999,6978143.774739,55956,1240855.61000000,3396342.73837100,0
2024-01-30,2.7649,2.7996,2.68,2.6925,1941427.34,1706659199999,5292674.041762,42166,875295.60000000,2388107.50577900,0
2024-01-31,2.6949,3.25,2.1074,2.2883,28706754.41,1706745599999,72474347.709873,353595,14203506.15000000,36141502.26250600,0
2024-02-01,2.2881,2.499,1.405,1.9034,33079858.78,1706831999999,63233943.015569,339459,16144710.08000000,30906881.69945800,0
2024-02-02,1.9036,2.1296,1.7706,1.8593,9899426.08,1706918399999,19157129.002877,114754,4792935.06000000,9280905.05670300,0
2024-02-03,1.8604,1.935,1.7532,1.7868,5931735.0,1707004799999,10967455.836568,59348,2762114.89000000,5116767.04047500,0
2024-02-04,1.7872,1.8199,1.7,1.716,5194704.86,1707091199999,9031035.090702,69777,2597207.77000000,4519646.85150400,0
2024-02-05,1.716,1.85,1.7012,1.7322,5832526.75,1707177599999,10296372.514877,73028,2946065.27000000,5207176.10187200,0
2024-02-06,1.7307,1.7365,1.5292,1.6059,6819572.12,1707263999999,11071734.173322,70028,3221840.10000000,5230845.29711200,0
2024-02-07,1.6059,1.67,1.5594,1.6405,4761810.83,1707350399999,7697564.791648,54387,2414689.83000000,3908632.97183900,0
2024-02-08,1.6409,1.67,1.5755,1.5848,4564565.61,1707436799999,7413052.190462,50431,2106186.58000000,3423336.87799000,0
2024-02-09,1.5858,1.621,1.579,1.6094,3091099.88,1707523199999,4949441.707658,45922,1550067.82000000,2483314.68302400,0
2024-02-10,1.61,2.1584,1.5971,1.9019,26941124.07,1707609599999,51383832.151638,390566,14165351.50000000,26999283.20085500,0
2024-02-11,1.9028,2.0999,1.8177,1.845,21641589.19,1707695999999,42203904.451882,313856,10652983.18000000,20824633.91136700,0
2024-02-12,1.8471,1.8862,1.735,1.8087,9511233.64,1707782399999,17180679.959603,105351,4664786.87000000,8426798.92063500,0
2024-02-13,1.8094,1.8349,1.7381,1.7865,4337257.35,1707868799999,7745748.218013,73296,2001009.17000000,3575827.45173300,0
2024-02-14,1.7865,1.8489,1.76,1.8024,3755610.92,1707955199999,6763581.837332,56996,1792996.83000000,3232524.50847000,0
2024-02-15,1.8028,1.998,1.78,1.8595,11533825.26,1708041599999,21587579.412808,178923,6009117.19000000,11256751.21763200,0
2024-02-16,1.8597,1.936,1.79,1.8225,5219529.31,1708127999999,9688636.470879,72409,2489896.88000000,4626041.01087000,0
2024-02-17,1.8227,1.9,1.78,1.81,3654102.12,1708214399999,6701388.356854,31938,1630572.34000000,2997551.97495700,0
2024-02-18,1.8104,1.87,1.79,1.8377,2959504.72,1708300799999,5434716.699052,27966,1608797.54000000,2957631.00404800,0
2024-02-19,1.8377,1.8606,1.8,1.8193,3889261.64,1708387199999,7107373.372635,43931,1866506.39000000,3415263.87635000,0
2024-02-20,1.8183,1.8292,1.6739,1.7428,4217317.23,1708473599999,7432490.966915,58121,1889457.91000000,3328812.59556000,0
2024-02-21,1.7451,1.7777,1.6705,1.7223,3057802.35,1708559999999,5241591.040462,50539,1435171.82000000,2464868.26884700,0
2024-02-22,1.7244,1.85,1.708,1.7354,5069035.14,1708646399999,8993220.934689,76072,2566282.18000000,4563684.98610300,0
2024-02-23,1.7356,1.7545,1.7,1.7081,2372444.56,1708732799999,4091826.267823,37052,1007765.56000000,1740086.02151600,0
2024-02-24,1.7085,1.7865,1.7011,1.7598,2454501.59,1708819199999,4298148.540101,42856,1318005.14000000,2309408.80607600,0
2024-02-25,1.7617,1.8395,1.715,1.8153,4039725.62,1708905599999,7154798.052163,67803,2016842.41000000,3576558.59203600,0
2024-02-26,1.8164,1.8206,1.7312,1.7821,3150246.5,1708991999999,5594752.150319,60069,1532508.16000000,2724600.81756700,0
2024-02-27,1.7827,1.8,1.6555,1.7294,5975418.61,1709078399999,10492632.903962,87815,2660743.51000000,4679251.57564000,0
2024-02-28,1.7291,1.775,1.66,1.7004,6870343.66,1709164799999,11838988.73897,106855,3148927.23000000,5431451.87923500,0
2024-02-29,1.7004,2.05,1.697,1.8053,17182819.02,1709251199999,32152115.713054,296368,8919521.22000000,16694348.26684200,0
2024-03-01,1.8053,1.97,1.7504,1.8922,6684000.26,1709337599999,12215542.482128,125512,3319378.40000000,6077056.13199600,0
2024-03-02,1.8922,2.488,1.86,2.3311,26695041.45,1709423999999,59131559.67941,474888,13428930.93000000,29752724.66974700,0
2024-03-03,2.3309,2.425,2.06,2.268,9915904.69,1709510399999,21988059.93464,171836,4736568.05000000,10531104.01210400,0
2024-03-04,2.2687,2.27,2.0,2.1073,7440390.85,1709596799999,15931051.415042,121927,3448111.36000000,7396709.04111700,0
2024-03-05,2.1095,2.81,2.05,2.4979,28120857.49,1709683199999,68510051.55027,567960,14341274.90000000,35013354.83698400,0
2024-03-06,2.4981,2.96,2.26,2.5323,19663722.24,1709769599999,51532097.595646,437123,9755018.92000000,25612612.97068300,0
2024-03-07,2.5323,2.7498,2.39,2.5228,9720669.41,1709855999999,24847319.890055,257553,4491392.04000000,11517245.75508500,0
2024-03-08,2.5244,2.5689,2.3115,2.4068,5000135.66,1709942399999,12181730.754033,134348,2361414.15000000,5754280.72497800,0
2024-03-09,2.4073,2.57,2.385,2.4754,4924068.08,1710028799999,12106352.472228,131649,2295756.59000000,5653802.99391700,0
2024-03-10,2.4745,2.4884,2.25,2.3069,4375814.04,1710115199999,10290096.723558,115899,2052888.74000000,4828877.47373900,0
2024-03-11,2.3069,2.35,2.1799,2.2666,5935684.83,1710201599999,13429859.962171,174153,2769352.35000000,6270818.72606700,0
2024-03-12,2.2667,2.58,2.2121,2.3739,10205711.11,1710287999999,24055814.192964,249167,5055329.61000000,11946285.42520700,0
2024-03-13,2.3737,2.505,2.3479,2.4149,5078613.07,1710374399999,12305638.746887,159182,2478885.16000000,6011414.51707300,0
2024-03-14,2.4149,2.73,2.36,2.5463,12088724.27,1710460799999,30657442.527523,304701,6088703.26000000,15481130.92291100,0
2024-03-15,2.5447,2.74,2.2,2.2958,10857493.86,1710547199999,26523786.643896,291301,5119235.62000000,12538739.93613100,0
2024-03-16,2.2955,2.4024,1.9656,2.0035,8258162.25,1710633599999,18158188.973983,226322,3922704.25000000,8637767.19852700,0
2024-03-17,2.0035,2.1461,1.8165,2.0953,7422469.53,1710719999999,14780743.114214,196104,3637250.08000000,7247822.84355500,0
2024-03-18,2.0953,2.1063,1.8301,1.9547,8166274.39,1710806399999,16107258.082115,209187,3968778.63000000,7834215.98089800,0
2024-03-19,1.9535,1.9641,1.7,1.7728,5839348.61,1710892799999,10643573.710018,151801,2794242.76000000,5093526.08414100,0
2024-03-20,1.7716,1.9308,1.7304,1.8873,6568426.08,1710979199999,12035881.687782,109898,3307686.31000000,6067552.36410000,0
2024-03-21,1.8873,2.0983,1.83,1.996,7277622.09,1711065599999,14314156.38907,80023,3694843.40000000,7269913.22048400,0
2024-03-22,1.9982,2.0493,1.8512,1.9374,7279161.87,1711151999999,14192181.748381,69689,3560229.30000000,6952798.91489700,0
2024-03-23,1.9372,2.175,1.898,2.1052,8623598.64,1711238399999,17688281.661162,87898,4391949.44000000,9021313.32344900,0
2024-03-24,2.1004,2.1594,2.0004,2.0959,5854808.88,1711324799999,12104446.463344,52234,2899091.37000000,5998215.23762300,0
2024-03-25,2.0955,2.37,2.065,2.1773,8237090.83,1711411199999,17948053.260083,83708,4131153.15000000,9021852.75020400,0
2024-03-26,2.1775,2.2857,2.109,2.13,4323226.95,1711497599999,9499209.364938,50909,2101442.09000000,4615003.22505900,0
2024-03-27,2.13,2.244,2.05,2.0806,3922198.69,1711583999999,8357587.917947,65639,1869491.52000000,3991034.16510000,0
2024-03-28,2.0806,2.3819,1.91,1.925,15618799.74,1711670399999,33156731.055909,161937,7580658.11000000,16161752.97747800,0
2024-03-29,1.925,1.981,1.8663,1.9,5630385.11,1711756799999,10790373.765453,100340,2675502.95000000,5132014.83487500,0
2024-03-30,1.9,2.0,1.8732,1.938,4214167.97,1711843199999,8134163.970894,43383,2167831.43000000,4198749.89774900,0
2024-03-31,1.938,1.9684,1.885,1.9114,3342188.39,1711929599999,6418842.562829,33129,1486197.28000000,2858549.54484000,0
2024-04-01,1.9099,1.9193,1.7827,1.8279,3114653.65,1712015999999,5754511.257671,48741,1394898.51000000,2576510.15321600,0
2024-04-02,1.8279,1.8487,1.6724,1.7219,4346179.85,1712102399999,7584122.472482,47689,2020396.12000000,3528204.42677700,0
2024-04-03,1.7219,1.8,1.6773,1.7014,2490448.34,1712188799999,4347831.847519,26104,1247325.62000000,2179349.63631000,0
2024-04-04,1.7011,1.7799,1.6724,1.73,2005994.26,1712275199999,3463666.400966,21075,950847.56000000,1641494.54604200,0
2024-04-05,1.7301,1.7363,1.6101,1.6676,2871920.41,1712361599999,4778114.382515,40537,1392947.74000000,2319189.10086600,0
2024-04-06,1.6678,1.7148,1.658,1.6881,1326625.48,1712447999999,2240362.72175,14607,706428.81000000,1193257.16552100,0
2024-04-07,1.6894,1.7476,1.6776,1.7208,1523751.66,1712534399999,2612755.633461,17277,771096.32000000,1324477.18671800,0
2024-04-08,1.7215,1.7627,1.6872,1.738,2093766.23,1712620799999,3611921.233949,19368,1065810.31000000,1840705.85139600,0
2024-04-09,1.7363,1.752,1.6301,1.6519,2444424.44,1712707199999,4109450.857214,23470,1135167.84000000,1907461.56017100,0
2024-04-10,1.6519,1.6841,1.523,1.5977,2629627.72,1712793599999,4186788.003959,27444,1216891.69000000,1939017.03672800,0
2024-04-11,1.5988,1.8675,1.5502,1.755,8930911.31,1712879999999,15397098.734371,121129,4726554.65000000,8156620.11015000,0
2024-04-12,1.7577,1.7925,1.296,1.3861,8150428.02,1712966399999,12687286.848986,75466,3836185.16000000,5945238.46211900,0
2024-04-13,1.3871,1.4289,1.0563,1.1747,5994711.34,1713052799999,7516506.575742,44807,2826707.39000000,3542763.38758000,0
2024-04-14,1.1713,1.34,1.1392,1.3,4673080.18,1713139199999,5870793.141371,31625,2347616.48000000,2947983.21189000,0
2024-04-15,1.3008,1.3965,1.2075,1.241,3163887.45,1713225599999,4153211.416098,23966,1591949.18000000,2095102.74750800,0
2024-04-16,1.2422,1.3182,1.2092,1.3,1953012.68,1713311999999,2457166.078668,17189,924612.28000000,1162998.19810800,0
2024-04-17,1.2993,1.3114,1.178,1.2302,1886038.01,1713398399999,2346532.380707,16567,912210.05000000,1135791.49712300,0
2024-04-18,1.2326,1.275,1.2055,1.2622,1203522.35,1713484799999,1505025.657701,11622,563120.82000000,704282.30696800,0
2024-04-19,1.26,1.28,1.1837,1.2393,1973463.3,1713571199999,2468329.482668,16549,942306.82000000,1179902.54690300,0
2024-04-20,1.2393,1.4999,1.2317,1.3848,8243320.78,1713657599999,11426447.352759,56034,4347972.07000000,6026093.07018600,0
2024-04-21,1.3848,1.488,1.3451,1.4249,3032320.65,1713743999999,4259136.961485,24186,1552868.26000000,2186769.84734000,0
2024-04-22,1.4247,1.6695,1.4084,1.5421,7919945.1,1713830399999,12466789.600243,76237,4085264.29000000,6431200.83802800,0
2024-04-23,1.5403,1.6888,1.4729,1.4818,4664141.22,1713916799999,7373803.561399,38521,2253902.03000000,3568316.69744800,0
2024-04-24,1.4831,1.5445,1.3902,1.4048,2467083.98,1714003199999,3629150.975571,20535,1121140.45000000,1651279.87884100,0
2024-04-25,1.4064,1.5,1.353,1.4429,2693173.98,1714089599999,3853898.012575,22892,1362291.92000000,1951460.10285500,0
2024-04-26,1.4405,1.5742,1.4062,1.5504,4460536.09,1714175999999,6746458.539339,39047,2242186.42000000,3390943.06851000,0
2024-04-27,1.5504,1.5515,1.4103,1.4701,2152920.95,1714262399999,3147711.550384,20394,974852.27000000,1426512.69896600,0
2024-04-28,1.47,1.4925,1.4382,1.4499,921476.0,1714348799999,1350841.54298,18294,424782.38000000,622565.53138500,0
2024-04-29,1.4492,1.4825,1.3758,1.4155,1105353.85,1714435199999,1559717.160501,18238,477101.36000000,672693.17812500,0
2024-04-30,1.4165,1.4234,1.265,1.3568,2080743.53,1714521599999,2763633.913316,25645,989682.47000000,1316190.05586200,0
2024-05-01,1.3568,1.5757,1.2609,1.4927,10692277.02,1714607999999,15549680.433876,99509,5439757.10000000,7909928.92213100,0
2024-05-02,1.4925,1.595,1.4384,1.4937,5297220.73,1714694399999,8014390.952646,43458,2739448.01000000,4145578.18443700,0
2024-05-03,1.491,1.5359,1.44,1.5113,2846665.46,1714780799999,4245141.781721,33125,1363350.86000000,2031021.91428400,0
2024-05-04,1.5114,1.526,1.47,1.496,1434323.91,1714867199999,2146877.425953,16379,686519.78000000,1027803.55693000,0
2024-05-05,1.4961,1.515,1.4525,1.497,2031094.13,1714953599999,2997914.747945,28226,984174.00000000,1452058.86835200,0
2024-05-06,1.4955,1.727,1.4731,1.64,9188204.71,1715039999999,14713288.231142,82346,4759707.76000000,7626706.66446700,0
2024-05-07,1.64,1.775,1.5501,1.6597,9325592.6,1715126399999,15373196.003957,82602,4645661.48000000,7681211.78829600,0
2024-05-08,1.6557,2.308,1.63,1.9553,44676484.81,1715212799999,91041087.587433,450732,22443534.01000000,45814057.76207900,0
2024-05-09,1.955,1.9794,1.751,1.7846,11438228.09,1715299199999,21134325.312837,111067,5291527.94000000,9789387.61353900,0
2024-05-10,1.7858,1.8695,1.658,1.6769,7742307.4,1715385599999,13705905.239641,112820,3600199.17000000,6384084.79125000,0
2024-05-11,1.6768,1.7212,1.6008,1.6118,4773642.02,1715471999999,7917667.942018,47763,2327034.76000000,3862216.05237700,0
2024-05-12,1.6118,1.97,1.61,1.887,13558011.57,1715558399999,24381884.577789,128712,6877393.72000000,12378832.78335300,0
2024-05-13,1.8839,1.9235,1.7,1.7194,9166555.87,1715644799999,16563650.228997,93365,4281560.78000000,7753594.63824200,0
2024-05-14,1.7202,1.751,1.6415,1.6755,3155669.45,1715731199999,5352044.797181,32798,1434900.93000000,2435740.33732400,0
2024-05-15,1.677,1.755,1.6419,1.7213,4120849.61,1715817599999,7037913.522599,39885,2031499.95000000,3474967.35528200,0
2024-05-16,1.7213,1.7859,1.6178,1.6385,3359099.29,1715903999999,5699601.283357,27585,1462029.43000000,2486279.81914200,0
2024-05-17,1.6398,1.68,1.62,1.6638,2240421.5,1715990399999,3705980.01938,21567,1026983.50000000,1700399.08791500,0
2024-05-18,1.6652,1.675,1.6111,1.6326,1262843.57,1716076799999,2071091.06336,12747,528645.90000000,867942.01792600,0
2024-05-19,1.6327,1.64,1.51,1.5162,2062988.99,1716163199999,3249516.801422,17143,901556.22000000,1420655.68249800,0
2024-05-20,1.5166,1.6867,1.4938,1.6633,4360818.31,1716249599999,7077686.271714,43970,2341046.27000000,3804783.84269600,0
2024-05-21,1.6631,1.71,1.6045,1.6373,2961174.49,1716335999999,4906195.530464,25356,1432123.41000000,2376419.74273400,0
2024-05-22,1.6372,1.72,1.63,1.6573,3204378.07,1716422399999,5356462.369685,26642,1589638.30000000,2661847.88391200,0
2024-05-23,1.6588,1.685,1.5722,1.6293,2799002.07,1716508799999,4542915.277665,23250,1224077.53000000,1987995.62239500,0
2024-05-24,1.6292,1.64,1.5628,1.613,1596085.61,1716595199999,2557549.96837,12294,765447.00000000,1227301.50589600,0
2024-05-25,1.6127,1.6226,1.587,1.6131,1193524.15,1716681599999,1919413.72754,9300,544966.56000000,877344.04959100,0
2024-05-26,1.6139,1.6254,1.5655,1.5848,1383954.59,1716767999999,2206052.355579,10917,659990.49000000,1052528.26928600,0
2024-05-27,1.5828,1.66,1.5784,1.6023,2344746.33,1716854399999,3787009.678843,31376,1128735.06000000,1825958.82532000,0
2024-05-28,1.6023,1.6222,1.5736,1.6119,1746425.05,1716940799999,2788001.71812,21077,846960.40000000,1353556.59091700,0
2024-05-29,1.6118,1.6212,1.57,1.586,1593463.26,1717027199999,2544630.368473,18818,738775.10000000,1180658.02023500,0
2024-05-30,1.5856,1.7056,1.5136,1.6349,5060908.67,1717113599999,8224272.472138,51258,2618809.36000000,4264308.21438000,0
2024-05-31,1.6357,1.69,1.5685,1.5986,3689743.68,1717199999999,5967801.22851,36102,1812151.71000000,2938202.55948300,0
2024-06-01,1.5982,1.6322,1.585,1.6066,1280280.91,1717286399999,2058481.861135,10150,532065.59000000,856034.56120000,0
2024-06-02,1.6055,1.62,1.55,1.5569,1398783.52,1717372799999,2214001.987197,13082,598785.23000000,948499.60267100,0
2024-06-03,1.5553,1.5939,1.55,1.558,1040720.88,1717459199999,1636298.729464,11994,451997.49000000,711280.03652000,0
2024-06-04,1.5581,1.685,1.5338,1.62,3679755.88,1717545599999,5907674.431919,33177,2017380.76000000,3245270.33463500,0
2024-06-05,1.62,1.638,1.5902,1.6185,1592095.7,1717631999999,2563588.620397,15578,762557.07000000,1228931.02734100,0
2024-06-06,1.618,1.6259,1.5751,1.5931,1550434.95,1717718399999,2476023.099639,13791,707959.80000000,1130910.18238600,0
2024-06-07,1.5947,1.6174,1.4231,1.4815,2187244.32,1717804799999,3372890.121518,20713,944437.59000000,1457858.06731800,0
2024-06-08,1.4814,1.5487,1.47,1.486,1464219.57,1717891199999,2194272.133717,16198,752031.45000000,1127478.03328900,0
2024-06-09,1.4861,1.5857,1.4799,1.5345,2637785.68,1717977599999,4060281.85282,25989,1385784.23000000,2135285.11350600,0
2024-06-10,1.5348,1.5361,1.4695,1.4761,772926.93,1718063999999,1153905.454932,9294,338366.42000000,504788.99817100,0
2024-06-11,1.4761,1.4865,1.36,1.4029,1908028.16,1718150399999,2690975.228144,20315,909979.74000000,1279712.59455300,0
2024-06-12,1.4029,1.4799,1.3602,1.4422,1369037.96,1718236799999,1962203.106826,21866,688343.05000000,986966.60194100,0
2024-06-13,1.4426,1.4523,1.3208,1.3553,2169211.91,1718323199999,2958938.339081,30988,1055120.51000000,1437849.73664000,0
2024-06-14,1.3553,1.3902,1.2898,1.3245,1129588.36,1718409599999,1513592.221701,22768,497825.07000000,667190.53641300,0
2024-06-15,1.3245,1.3872,1.3188,1.3846,857652.09,1718495999999,1159761.214953,14371,438100.14000000,593005.07400300,0
2024-06-16,1.3846,1.7353,1.3837,1.684,19815177.43,1718582399999,31672539.501063,241310,10279289.42000000,16450706.66403800,0
2024-06-17,1.6863,1.86,1.45,1.466,12203349.82,1718668799999,20290150.774313,147252,5760011.53000000,9625488.73989500,0
2024-06-18,1.4678,1.72,1.2969,1.5698,10996777.22,1718755199999,16747013.108964,136971,5425036.88000000,8283191.54325200,0
2024-06-19,1.5695,1.671,1.5241,1.5752,5290507.75,1718841599999,8461449.314449,63732,2646583.32000000,4241144.74376200,0
2024-06-20,1.5746,1.739,1.495,1.5437,6347682.72,1718927999999,10299545.215667,64250,3189429.51000000,5192907.55533900,0
2024-06-21,1.544,1.5676,1.4552,1.4771,2531178.69,1719014399999,3795367.294318,26971,1228112.86000000,1841240.47300600,0
2024-06-22,1.4782,1.499,1.4422,1.4579,1924225.08,1719100799999,2819259.541827,18013,915570.33000000,1342293.24024300,0
2024-06-23,1.4579,1.55,1.3768,1.3963,2310449.46,1719187199999,3339118.489679,21946,1115687.02000000,1614777.55267700,0
2024-06-24,1.3967,1.4699,1.3535,1.4231,3220044.2,1719273599999,4525479.645433,37141,1666659.10000000,2345612.92029500,0
2024-06-25,1.4242,1.4609,1.4055,1.424,2496209.37,1719359999999,3573428.002349,28596,1502745.06000000,2151813.34467700,0
2024-06-26,1.4241,1.4391,1.3815,1.3996,1239015.04,1719446399999,1740654.358209,16662,536102.07000000,753633.87156900,0
2024-06-27,1.3986,1.4609,1.3708,1.4327,1726240.72,1719532799999,2443917.3534,22403,850142.90000000,1205457.10350300,0
2024-06-28,1.4327,1.5061,1.3877,1.417,3135885.35,1719619199999,4522414.479902,37700,1555247.06000000,2247087.13347300,0
2024-06-29,1.4178,1.4491,1.37,1.3807,1271948.26,1719705599999,1784536.915482,18273,503305.55000000,707893.70393100,0
2024-06-30,1.3792,1.452,1.35,1.4253,1967050.02,1719791999999,2758824.958717,27685,1066611.08000000,1501773.91114700,0
2024-07-01,1.4249,1.44,1.382,1.3979,1213182.9,1719878399999,1711246.509617,16667,582181.27000000,822467.00608500,0
2024-07-02,1.3991,1.44,1.3905,1.4096,1555215.58,1719964799999,2197978.145079,21236,782820.66000000,1108928.72075900,0
2024-07-03,1.4096,1.4399,1.352,1.3589,1386435.52,1720051199999,1922631.97254,20538,671236.12000000,931761.26303100,0
2024-07-04,1.3596,1.38,1.2401,1.2466,2670048.66,1720137599999,3510140.641524,33978,1290710.24000000,1698789.18739000,0
2024-07-05,1.2468,1.262,1.0,1.1449,6714408.47,1720223999999,7435495.29243,65160,3245140.22000000,3597955.95047600,0
2024-07-06,1.1448,1.2298,1.1339,1.2131,1692850.88,1720310399999,1998419.456367,26852,924331.16000000,1090699.19187100,0
2024-07-07,1.2137,1.28,1.1464,1.152,2688622.3,1720396799999,3257375.434161,25896,1301675.84000000,1582338.63082600,0
2024-07-08,1.152,1.24,1.0737,1.1897,2321615.58,1720483199999,2714478.476048,20197,1143702.09000000,1340909.63536500,0
2024-07-09,1.1904,1.219,1.17,1.1983,1255217.15,1720569599999,1495782.817397,12067,658566.50000000,785684.41289300,0
2024-07-10,1.1984,1.2298,1.17,1.196,1178770.86,1720655999999,1415941.844306,17661,564014.86000000,678819.96971600,0
2024-07-11,1.196,1.2359,1.168,1.1854,1505237.05,1720742399999,1807823.485531,19422,709062.41000000,851887.66913500,0
2024-07-12,1.1854,1.41,1.183,1.3217,10220356.77,1720828799999,13409493.303671,118946,5270539.91000000,6921343.94524800,0
2024-07-13,1.321,1.4484,1.32,1.3615,5380563.95,1720915199999,7354367.223573,68400,2693347.07000000,3686354.07533200,0
2024-07-14,1.3605,1.4112,1.3,1.3514,2698909.62,1721001599999,3649107.946476,33384,1199974.82000000,1625914.42961000,0
2024-07-15,1.3537,1.3999,1.3371,1.3893,2012346.95,1721087999999,2742952.762436,23910,1012124.07000000,1381097.78496300,0
2024-07-16,1.3891,1.6589,1.328,1.613,9964516.49,1721174399999,15059018.774345,124776,5093020.73000000,7707395.24755300,0
2024-07-17,1.6153,1.65,1.473,1.4937,6097420.77,1721260799999,9413083.104298,87311,2841304.43000000,4388779.87140700,0
2024-07-18,1.4915,1.54,1.3843,1.4034,3928848.9,1721347199999,5697545.786128,47025,1824878.36000000,2653704.50970700,0
2024-07-19,1.4044,1.475,1.3601,1.4443,2324815.82,1721433599999,3299726.386741,31166,1176746.21000000,1673062.59996100,0
2024-07-20,1.4444,1.4647,1.392,1.4167,1551808.67,1721519999999,2211637.795153,21069,749241.50000000,1068173.46079900,0
2024-07-21,1.4176,1.442,1.39,1.4311,1353450.85,1721606399999,1914142.862067,17340,644522.88000000,913087.36229000,0
2024-07-22,1.431,1.45,1.3951,1.4096,1503445.18,1721692799999,2139986.910717,19008,733767.91000000,1045696.41317800,0
2024-07-23,1.4096,1.43,1.3359,1.3608,2230039.15,1721779199999,3070654.089963,23543,1018856.54000000,1403960.50264200,0
2024-07-24,1.3607,1.42,1.3462,1.3814,1495330.41,1721865599999,2077191.679298,25723,758791.12000000,1055927.47349900,0
2024-07-25,1.381,1.3895,1.2826,1.3497,2318511.1,1721951999999,3078347.880253,35995,1076821.14000000,1431598.24374600,0
2024-07-26,1.3483,1.43,1.3433,1.3736,2265329.88,1722038399999,3145670.960405,34039,1141150.32000000,1584700.12477800,0
2024-07-27,1.3734,1.47,1.362,1.4326,1883262.44,1722124799999,2656391.557003,26928,985624.85000000,1390064.29310400,0
2024-07-28,1.4323,1.595,1.3874,1.4671,6814616.76,1722211199999,10166671.996954,93546,3434373.93000000,5132534.52903200,0
2024-07-29,1.4658,1.496,1.4069,1.4284,2452476.05,1722297599999,3554429.659235,32667,1048229.12000000,1522192.22751700,0
2024-07-30,1.4263,1.45,1.3511,1.389,1705810.46,1722383999999,2375367.41955,25626,795920.65000000,1109853.27394700,0
2024-07-31,1.3865,1.4382,1.3518,1.3617,1375691.9,1722470399999,1900571.966605,17211,620676.37000000,858507.81002200,0
2024-08-01,1.3615,1.4382,1.308,1.3734,3774715.22,1722556799999,5148230.80498,39839,1763260.19000000,2413690.87121700,0
2024-08-02,1.3738,1.485,1.326,1.3375,4923401.71,1722643199999,6924599.27765,58864,2462912.25000000,3467283.52933000,0
2024-08-03,1.336,1.3789,1.2249,1.2807,3900095.06,1722729599999,5122673.957738,39130,1991898.67000000,2620188.66980300,0
2024-08-04,1.2806,1.326,1.1794,1.2245,2388684.27,1722815999999,2988385.90569,27716,1154156.18000000,1443914.18696900,0
2024-08-05,1.2254,1.3993,1.0853,1.2572,12464296.05,1722902399999,15676522.740383,102320,5786989.87000000,7328548.97694700,0
2024-08-06,1.2549,1.348,1.2532,1.3116,2944982.55,1722988799999,3834193.446516,38051,1464315.29000000,1907864.10622600,0
2024-08-07,1.3112,1.32,1.2057,1.2211,2536025.98,1723075199999,3214492.450713,29776,1097828.16000000,1391584.80225900,0
2024-08-08,1.2222,1.3555,1.2125,1.3299,4606396.53,1723161599999,5886552.864177,52801,2338050.36000000,2997803.72794800,0
2024-08-09,1.33,1.3495,1.2711,1.3059,1927762.56,1723247999999,2528360.046124,24598,943221.11000000,1239596.70887900,0
2024-08-10,1.307,1.3879,1.29,1.3282,2574484.14,1723334399999,3426546.579324,34153,1318780.06000000,1759255.49076200,0
2024-08-11,1.3277,1.347,1.25,1.2567,1520210.44,1723420799999,1982021.418477,23908,625193.09000000,816732.05983600,0
2024-08-12,1.2568,1.2985,1.23,1.2924,1456274.9,1723507199999,1849707.726024,22862,681016.15000000,865922.39795800,0
2024-08-13,1.292,1.3062,1.261,1.3026,1065718.91,1723593599999,1372705.579764,14414,509952.28000000,657234.10449700,0
2024-08-14,1.3021,1.3249,1.2658,1.2902,1018270.51,1723679999999,1313721.363014,17725,460886.88000000,594764.79832200,0
2024-08-15,1.291,1.325,1.2412,1.2781,2034387.76,1723766399999,2606909.365691,38857,1106406.96000000,1419096.60390700,0
2024-08-16,1.2778,1.3555,1.2586,1.319,3732578.08,1723852799999,4902123.884866,55808,1795921.50000000,2361421.52196200,0
2024-08-17,1.3189,1.3328,1.278,1.3037,1396250.35,1723939199999,1814571.220289,21952,622553.61000000,810347.98826600,0
2024-08-18,1.3037,1.315,1.2837,1.2854,1041595.42,1724025599999,1353319.755937,17740,526762.03000000,684974.78726700,0
2024-08-19,1.2851,1.31,1.2592,1.2822,1296322.29,1724111999999,1656990.890204,19628,610812.76000000,781177.57879100,0
2024-08-20,1.2822,1.326,1.2781,1.286,1416969.16,1724198399999,1841723.237245,19602,677148.67000000,880293.11083200,0
2024-08-21,1.2859,1.444,1.2782,1.3828,3484800.84,1724284799999,4705627.953301,51084,1894275.29000000,2564295.14274300,0
2024-08-22,1.3828,1.5716,1.3497,1.5126,7085690.48,1724371199999,10350045.843634,96321,3578779.69000000,5226926.70846300,0
2024-08-23,1.5143,1.645,1.45,1.5416,6198114.69,1724457599999,9592929.727871,109123,2867646.06000000,4446320.97394300,0
2024-08-24,1.5423,1.5517,1.475,1.5037,2280509.9,1724543999999,3454229.900999,41458,1026717.58000000,1557104.06546200,0
2024-08-25,1.5034,1.5439,1.45,1.4954,2470062.67,1724630399999,3677968.927598,43042,1168176.70000000,1743539.52759700,0
2024-08-26,1.4952,1.5521,1.3937,1.4021,2612649.59,1724716799999,3840858.254204,41020,1130077.44000000,1669837.32746400,0
2024-08-27,1.4027,1.4456,1.3236,1.3282,1957417.96,1724803199999,2707941.691878,30592,960273.95000000,1332307.89904200,0
2024-08-28,1.3292,1.42,1.3,1.3313,2356780.16,1724889599999,3170669.079201,46254,1141360.16000000,1536802.26047400,0
2024-08-29,1.3308,1.3896,1.3,1.3113,1638583.18,1724975999999,2186435.944168,34906,733013.63000000,979709.45121100,0
2024-08-30,1.3102,1.3399,1.2626,1.3034,1483326.34,1725062399999,1921369.792685,20350,664131.05000000,862025.34547100,0
2024-08-31,1.3034,1.3068,1.269,1.2834,760817.14,1725148799999,977033.971329,12801,352342.73000000,452482.17523600,0
2024-09-01,1.2836,1.2962,1.216,1.2217,1305691.59,1725235199999,1639610.108177,22824,605250.16000000,761277.40632900,0
2024-09-02,1.2218,1.319,1.2139,1.3103,1562903.42,1725321599999,1980021.039929,28321,819170.19000000,1039960.82308500,0
2024-09-03,1.3111,1.37,1.27,1.3132,3671075.51,1725407999999,4870944.551471,63111,1886808.53000000,2507182.35315000,0
2024-09-04,1.3151,1.45,1.2764,1.3505,6981003.67,1725494399999,9543174.036922,156697,3598103.53000000,4930307.79448200,0
2024-09-05,1.3516,1.3808,1.3,1.3208,2135963.18,1725580799999,2854395.385892,45423,890646.22000000,1192077.81829700,0
2024-09-06,1.321,1.3294,1.2263,1.2592,2049019.93,1725667199999,2614484.89925,31811,956696.50000000,1220105.45017500,0
2024-09-07,1.2592,1.2813,1.2292,1.246,1052653.36,1725753599999,1322249.2473,14830,497702.81000000,625952.63642800,0
2024-09-08,1.2461,1.2795,1.24,1.269,563792.48,1725839999999,710716.563233,6731,282572.50000000,356401.96208500,0
2024-09-09,1.2694,1.33,1.2557,1.3149,1187158.06,1725926399999,1540763.868733,12890,621042.19000000,806735.23859100,0
2024-09-10,1.314,1.35,1.29,1.3167,1372832.97,1726012799999,1807985.615959,13483,664053.56000000,875999.93630800,0
2024-09-11,1.3166,1.3172,1.2802,1.2969,947131.49,1726099199999,1228544.842823,12647,422541.63000000,548041.07872600,0
2024-09-12,1.2962,1.325,1.2901,1.3116,824402.92,1726185599999,1076267.373937,11947,410378.22000000,536508.31238700,0
2024-09-13,1.3116,1.37,1.29,1.3294,1418622.61,1726271999999,1870986.037667,16819,728933.96000000,963970.38135000,0
2024-09-14,1.3294,1.369,1.2953,1.3133,1367997.65,1726358399999,1808673.344516,16908,639504.58000000,846725.64114600,0
2024-09-15,1.3138,1.33,1.277,1.292,856013.81,1726444799999,1119601.60543,10690,423114.40000000,554176.05062700,0
2024-09-16,1.2919,1.2958,1.25,1.2687,1186272.15,1726531199999,1508336.672968,15265,540044.67000000,687011.78386400,0
2024-09-17,1.2687,1.3029,1.2549,1.2931,1108912.31,1726617599999,1427802.343512,11922,610293.84000000,786092.56337200,0
2024-09-18,1.2924,1.3085,1.2642,1.3008,1126613.42,1726703999999,1447265.420917,14968,568225.01000000,729955.40664000,0
2024-09-19,1.3008,1.346,1.297,1.3324,1455353.96,1726790399999,1925586.445142,20220,727825.38000000,963884.88594700,0
2024-09-20,1.3344,1.3495,1.2953,1.3312,1536150.2,1726876799999,2032869.654111,21855,761728.21000000,1009512.82041300,0
2024-09-21,1.3309,1.3868,1.3101,1.3503,1471793.82,1726963199999,1987992.589133,21301,722157.82000000,977104.63348500,0
2024-09-22,1.3521,1.367,1.322,1.3535,1037894.92,1727049599999,1391101.217573,14546,531751.16000000,713414.29497800,0
2024-09-23,1.3541,1.375,1.3328,1.357,1193368.47,1727135999999,1617447.782783,14367,603267.63000000,818260.78539200,0
2024-09-24,1.357,1.4,1.3426,1.3913,1280844.29,1727222399999,1749462.937132,14240,594459.73000000,815214.81108300,0
2024-09-25,1.3907,1.441,1.3808,1.4021,2120035.05,1727308799999,2997815.216424,24339,1023715.64000000,1450302.11903700,0
2024-09-26,1.4042,1.4848,1.376,1.4385,2439333.39,1727395199999,3504767.033463,29331,1209782.07000000,1741894.58177600,0
2024-09-27,1.4373,1.484,1.42,1.4641,1507651.34,1727481599999,2187927.827359,20804,775683.77000000,1126931.48893500,0
2024-09-28,1.4656,1.4736,1.3718,1.4032,1849641.74,1727567999999,2618146.12235,20589,797849.32000000,1131868.88199700,0
2024-09-29,1.4009,2.99,1.38,2.2038,71697315.72,1727654399999,160693149.941472,818146,36194490.37000000,80989493.74550500,0
2024-09-30,2.2057,2.5247,1.7276,1.8369,27536317.38,1727740799999,57839387.057587,325885,13170730.84000000,27817216.31274700,0
2024-10-01,1.8371,2.45,1.8155,2.0921,42432089.25,1727827199999,90876666.680275,482796,21313411.23000000,45715831.87986100,0
2024-10-02,2.0929,2.3858,2.01,2.1253,20490995.34,1727913599999,44682303.692664,268581,10188913.23000000,22265662.15546800,0
2024-10-03,2.1263,2.2199,1.85,2.0164,10079926.32,1727999999999,20175069.46159,124233,4649654.25000000,9325134.55497100,0
2024-10-04,2.0167,2.6698,1.9513,2.4505,27755762.62,1728086399999,66499434.119107,396513,14166474.82000000,33928082.39373500,0
2024-10-05,2.4483,2.855,2.3076,2.6921,24661963.73,1728172799999,64165239.030448,381131,12489938.44000000,32544593.93571700,0
2024-10-06,2.6922,2.8095,2.3822,2.4477,15070647.88,1728259199999,38321197.0775,190343,7229861.41000000,18384194.89127400,0
2024-10-07,2.4481,3.4343,2.01,2.7101,57325650.56,1728345599999,152827624.635382,702439,28773523.88000000,77040389.74811000,0
2024-10-08,2.7124,2.7499,2.22,2.3912,30670207.29,1728431999999,74876006.966735,496087,14848882.76000000,36243917.92902200,0
2024-10-09,2.393,2.4521,2.1273,2.1746,10334110.85,1728518399999,23286456.606574,184575,4778307.40000000,10776205.99223700,0
2024-10-10,2.1761,2.25,2.0199,2.0372,8026142.86,1728604799999,17201639.356092,137883,3720450.95000000,7994660.30497800,0
2024-10-11,2.0382,2.24,2.0211,2.1405,7736756.36,1728691199999,16501012.385438,129784,3828312.10000000,8175279.47999800,0
2024-10-12,2.1403,2.1787,2.0389,2.0591,5019224.09,1728777599999,10604126.183183,80605,2297244.92000000,4863280.07105300,0
2024-10-13,2.0584,2.1449,1.922,1.9399,6498998.27,1728863999999,13180545.87423,105824,3083712.21000000,6264214.34487100,0
2024-10-14,1.94,2.07,1.9188,1.9845,6141014.08,1728950399999,12265404.46495,91329,3090115.81000000,6177269.09028200,0
2024-10-15,1.9842,1.9973,1.8055,1.8329,7105364.56,1729036799999,13343149.436068,114429,3162169.81000000,5934242.49666200,0
2024-10-16,1.8328,2.333,1.7795,2.1287,16685186.27,1729123199999,34784192.610656,232426,8652869.01000000,18027162.74795000,0
2024-10-17,2.129,2.1775,1.9038,1.9329,11008274.29,1729209599999,22824001.904064,188610,5241727.43000000,10895782.09224400,0
2024-10-18,1.9331,2.0806,1.9152,2.0234,5391762.28,1729295999999,10721148.399253,82125,2609981.31000000,5186792.25472000,0
2024-10-19,2.023,2.2201,1.982,2.0854,10245470.67,1729382399999,21517288.792789,120866,5306742.88000000,11151325.04028900,0
2024-10-20,2.0854,2.177,2.0069,2.0561,4414435.71,1729468799999,9158602.935755,63276,1926342.36000000,3994102.53494800,0
2024-10-21,2.0574,2.128,1.9555,2.0009,5578785.64,1729555199999,11393961.003493,77569,2670645.52000000,5464069.35259000,0
2024-10-22,2.0025,2.13,1.9805,2.0282,4876092.2,1729641599999,9962636.277085,72249,2436003.97000000,4982233.38290400,0
2024-10-23,2.0298,2.06,1.9089,1.9353,3738696.64,1729727999999,7431033.140603,61268,1663891.86000000,3310480.11742500,0
2024-10-24,1.9345,1.977,1.8829,1.9098,2859246.26,1729814399999,5498733.074816,50762,1333241.65000000,2564426.03422700,0
2024-10-25,1.9098,1.917,1.65,1.6893,4999696.35,1729900799999,8967710.230262,77249,2234845.03000000,4021316.45891200,0
2024-10-26,1.6898,1.9224,1.6632,1.8949,5363318.59,1729987199999,9488548.330141,81293,2857335.29000000,5063116.62110700,0
2024-10-27,1.8957,2.08,1.7784,1.8632,10681690.07,1730073599999,20572801.236306,167238,5165872.57000000,9960139.28072200,0
2024-10-28,1.8638,1.8988,1.7725,1.8164,3967614.52,1730159999999,7229118.26487,64663,1790235.53000000,3264610.77039400,0
2024-10-29,1.8172,1.9148,1.8061,1.847,4313481.53,1730246399999,8049813.41158,60802,2229299.46000000,4163976.95836100,0
2024-10-30,1.8476,1.885,1.7825,1.8018,3123325.98,1730332799999,5728928.393435,42919,1397361.08000000,2567857.80152800,0
2024-10-31,1.8011,1.877,1.7123,1.7448,5357618.56,1730419199999,9621074.569897,67901,2604958.94000000,4686871.48010700,0
2024-11-01,1.7469,1.812,1.6916,1.7781,3642439.84,1730505599999,6340516.501082,55899,1797794.34000000,3134610.76074900,0
2024-11-02,1.7783,1.8817,1.68,1.7126,5319508.15,1730591999999,9453596.720248,72237,2496057.11000000,4448743.28148700,0
2024-11-03,1.7123,1.7316,1.5231,1.5951,3730194.58,1730678399999,6057464.436006,48480,1809568.18000000,2935365.89749800,0
2024-11-04,1.595,1.6335,1.51,1.563,2126544.58,1730764799999,3364900.610063,42905,1063894.59000000,1685974.76764600,0
2024-11-05,1.563,1.6952,1.553,1.6566,3293046.61,1730851199999,5365371.921335,60729,1719377.20000000,2803718.34415700,0
2024-11-06,1.6559,1.7547,1.6506,1.746,5234316.09,1730937599999,8854699.972211,74084,2660888.61000000,4504083.20115100,0
2024-11-07,1.7467,1.7766,1.6881,1.7052,3505126.44,1731023999999,6040210.047472,53414,1565088.84000000,2698088.13629700,0
2024-11-08,1.7047,1.7289,1.6437,1.6693,2729283.67,1731110399999,4602782.78499,46023,1249555.98000000,2107733.00443400,0
2024-11-09,1.6696,1.9664,1.653,1.8374,10027175.03,1731196799999,18221253.811713,134626,4884992.28000000,8891256.57414000,0
2024-11-10,1.8375,2.1168,1.774,1.916,13503537.41,1731283199999,26187661.198715,185972,6581146.71000000,12787799.20564000,0
2024-11-11,1.916,2.358,1.8592,2.0897,22554900.58,1731369599999,47538506.498307,298938,11301278.03000000,23859706.92849800,0
2024-11-12,2.0888,2.125,1.85,1.9176,8440004.06,1731455999999,16692226.287753,118072,3732258.46000000,7367283.99043300,0
2024-11-13,1.9192,1.9704,1.7555,1.8367,6977711.19,1731542399999,12881474.361823,102294,3291103.09000000,6085313.07695300,0
2024-11-14,1.837,1.88,1.72,1.7622,6225969.8,1731628799999,11204345.975865,93297,2982036.07000000,5372757.80456200,0
2024-11-15,1.7623,1.9472,1.7306,1.8544,7044788.9,1731715199999,13052221.698242,107972,3409441.31000000,6322509.10544800,0
2024-11-16,1.8539,2.11,1.8388,1.9856,11346713.07,1731801599999,22463583.053729,172759,5679622.33000000,11253249.09922600,0
2024-11-17,1.9864,2.11,1.8776,1.915,5907912.11,1731887999999,11603782.728955,88737,2791251.82000000,5503457.02165600,0
2024-11-18,1.9153,2.1,1.9028,1.9967,5878860.62,1731974399999,11709667.423838,87186,3127009.46000000,6238209.94561400,0
2024-11-19,1.9977,2.3089,1.9851,2.0529,12262923.93,1732060799999,26225835.383664,177470,6043049.71000000,12947332.26452100,0
2024-11-20,2.0533,2.5,1.9916,2.0869,18982522.41,1732147199999,42382892.649747,277861,9838720.28000000,22014807.03975300,0
2024-11-21,2.0865,3.05,1.95,2.4862,27723571.03,1732233599999,68074685.115478,320519,14171142.22000000,34968599.92927200,0
2024-11-22,2.4869,2.97,2.369,2.4764,31409478.69,1732319999999,83974061.687588,491364,15322322.09000000,41066325.92337500,0
2024-11-23,2.477,2.74,2.3516,2.5568,13127396.14,1732406399999,33177731.865751,200058,6395742.82000000,16179043.42022100,0
2024-11-24,2.5578,2.68,2.35,2.4534,7274349.99,1732492799999,18183892.623269,124653,3416153.52000000,8553210.83542600,0
2024-11-25,2.4536,2.5982,2.23,2.274,7229274.1,1732579199999,17897300.104184,122675,3412303.68000000,8484317.97148900,0
2024-11-26,2.2742,2.4003,2.12,2.2303,5753229.79,1732665599999,13063428.452208,107864,2823826.35000000,6426568.26840100,0
2024-11-27,2.2322,2.3629,2.1989,2.3261,3895356.28,1732751999999,8915813.092569,70567,1936846.29000000,4432724.17056800,0
2024-11-28,2.3261,2.3609,2.224,2.2647,2983421.43,1732838399999,6777757.918706,48330,1410706.91000000,3205030.32003700,0
2024-11-29,2.2655,2.3844,2.2394,2.3325,3846649.42,1732924799999,8876613.153896,59441,1825818.84000000,4214066.46217300,0
2024-11-30,2.3326,2.46,2.293,2.3877,4085355.68,1733011199999,9666935.864791,58070,2047034.70000000,4847892.21618200,0
2024-12-01,2.3884,2.6989,2.339,2.5326,8017661.13,1733097599999,20384018.53324,115816,3918895.79000000,9962594.42140200,0
2024-12-02,2.5326,2.75,2.3884,2.5266,7022921.52,1733183999999,17808133.588543,115502,3545073.26000000,8995116.45063600,0
2024-12-03,2.5266,2.6881,2.4,2.632,7952742.21,1733270399999,20449198.938676,110664,3910716.45000000,10064535.74160200,0
2024-12-04,2.6324,2.8219,2.6011,2.6909,7251515.35,1733356799999,19689652.084967,115340,3740421.04000000,10162215.42193100,0
2024-12-05,2.691,4.4,2.5623,3.4615,47496779.03,1733443199999,169302743.800855,784247,24534624.66000000,87459753.22411300,0
2024-12-06,3.4642,3.81,3.183,3.3369,17165776.64,1733529599999,59620288.864371,396812,8253027.85000000,28716196.48462300,0
2024-12-07,3.3353,3.4196,3.15,3.2536,5470240.98,1733615999999,17857967.23571,155250,2594484.32000000,8479139.13157500,0
2024-12-08,3.2549,3.6149,3.2187,3.4536,9179580.59,1733702399999,31489884.156607,209816,4502856.83000000,15444047.23363100,0
2024-12-09,3.4538,3.4573,2.7601,2.9965,7486747.37,1733788799999,23698898.702483,126284,3360948.08000000,10649384.79253000,0
2024-12-10,2.9989,3.0929,2.64,2.9559,8786821.65,1733875199999,25311125.215356,170023,4187037.74000000,12055489.56179300,0
2024-12-11,2.9549,3.6,2.776,3.2226,11404600.74,1733961599999,37384750.47243,236109,5632763.29000000,18462695.96633300,0
2024-12-12,3.2226,3.3492,2.95,2.9824,6558085.8,1734047999999,20931348.636134,143779,2932621.76000000,9372117.26710000,0
2024-12-13,2.983,3.0699,2.8018,2.9335,7703970.84,1734134399999,22554783.811778,163794,3623901.84000000,10615014.55682400,0
2024-12-14,2.9364,2.9487,2.6597,2.762,5024960.75,1734220799999,14071553.568235,103700,2293169.20000000,6413914.17237000,0
2024-12-15,2.7617,2.859,2.6553,2.8079,3468055.12,1734307199999,9535632.967007,74419,1656256.46000000,4558538.04810500,0
2024-12-16,2.8085,3.34,2.5356,2.9121,17876129.66,1734393599999,52018734.831672,310224,8754176.76000000,25583125.74565300,0
2024-12-17,2.9103,3.33,2.7921,2.8945,14770449.95,1734479999999,44842864.943809,302124,7261028.33000000,22094759.09684400,0
2024-12-18,2.8967,2.9679,2.55,2.6727,6032137.93,1734566399999,16651828.217703,109089,2680282.01000000,7415423.03154200,0
2024-12-19,2.671,2.943,2.4902,2.6032,10232528.64,1734652799999,27993439.181209,195382,4812131.28000000,13193809.92784500,0
2024-12-20,2.6034,2.87,2.4979,2.8294,7536705.46,1734739199999,20108951.333002,140787,3631973.23000000,9730429.61175700,0
2024-12-21,2.8292,2.97,2.6661,2.7104,4281242.23,1734825599999,12016350.681404,80376,2109300.27000000,5925710.33933800,0
2024-12-22,2.7139,3.0861,2.7019,2.97,7484763.22,1734911999999,21915600.527951,151953,3708181.24000000,10858976.47126500,0
2024-12-23,2.9723,3.57,2.9109,3.3563,15067368.77,1734998399999,48993816.932792,297235,7791268.90000000,25380011.05925600,0
2024-12-24,3.3563,3.3813,3.1016,3.2104,4560772.68,1735084799999,14774389.149226,94128,2182482.40000000,7077673.65204800,0
2024-12-25,3.211,3.293,3.1,3.2218,2936026.46,1735171199999,9365480.029878,67524,1409133.19000000,4498863.47580600,0
2024-12-26,3.2211,3.9234,3.1389,3.8002,20005837.55,1735257599999,72082980.739873,401654,10153824.94000000,36587965.63437000,0
2024-12-27,3.8002,4.1999,3.362,3.4893,13890599.97,1735343999999,51945826.039172,292593,6652691.79000000,24932376.44975100,0
2024-12-28,3.491,3.58,3.23,3.2962,6953905.63,1735430399999,23295089.399321,145086,3394782.91000000,11373658.57457400,0
2024-12-29,3.2965,3.8841,3.2957,3.6562,11417103.0,1735516799999,41505073.28371,262284,5854431.16000000,21298191.16812900,0
2024-12-30,3.6547,3.81,3.3635,3.5678,6507696.23,1735603199999,23214030.941962,156005,3035190.29000000,10829443.25673900,0
2024-12-31,3.5668,3.88,3.5376,3.711,6248252.09,1735689599999,23199094.69265,158001,3127773.84000000,11621025.82990400,0
2025-01-01,3.7116,4.038,3.6261,3.8611,7821674.69,1735775999999,29856946.28678,197600,3944882.03000000,15083750.37447300,0
2025-01-02,3.8611,4.0369,3.74,3.8684,5788970.17,1735862399999,22534845.113856,146580,2860975.81000000,11146636.66060100,0
2025-01-03,3.8684,3.874,3.422,3.569,7069632.5,1735948799999,25588757.211203,157792,3096731.55000000,11193462.79390900,0
2025-01-04,3.5702,3.5739,3.2834,3.3728,7021469.46,1736035199999,23963625.49556,145303,3432478.54000000,11713860.66048700,0
2025-01-05,3.3729,3.4896,3.1867,3.2347,3669120.16,1736121599999,12096744.347352,78626,1699995.12000000,5609097.91637800,0
2025-01-06,3.2339,3.3922,3.1121,3.3873,4018492.76,1736207999999,13080826.309177,83466,1918222.65000000,6251464.38212500,0
2025-01-07,3.3882,3.6,2.9411,2.957,8019877.74,1736294399999,26511939.20361,139935,3881257.83000000,12904220.09985200,0
2025-01-08,2.9561,3.06,2.5612,2.8478,6003154.12,1736380799999,16899033.865334,122563,2775860.24000000,7818424.00891300,0
2025-01-09,2.8464,2.899,2.56,2.6388,3780950.9,1736467199999,10177477.553597,82887,1788987.61000000,4821280.44625600,0
2025-01-10,2.6382,2.8094,2.632,2.708,2393778.22,1736553599999,6507367.167261,51108,1192803.73000000,3245115.94960600,0
2025-01-11,2.7081,2.73,2.5346,2.5769,1796108.04,1736639999999,4725048.187906,32563,900555.44000000,2371156.38676000,0
2025-01-12,2.5781,2.87,2.565,2.6767,4159080.68,1736726399999,11304702.119548,76695,2051065.25000000,5575594.53269900,0
2025-01-13,2.6785,2.76,2.2101,2.3814,7902692.97,1736812799999,18784722.52076,147381,3711901.02000000,8806825.62721100,0
2025-01-14,2.3817,2.4849,2.3148,2.3661,2791785.12,1736899199999,6727544.215077,60294,1279330.90000000,3085335.54564500,0
2025-01-15,2.3661,2.516,2.2748,2.4923,4479297.54,1736985599999,10781647.435992,81051,2235078.06000000,5382213.48440400,0
2025-01-16,2.4926,2.5069,2.3194,2.3853,3815697.17,1737071999999,9159150.087734,67250,1841028.18000000,4420435.98337900,0
2025-01-17,2.3854,2.77,2.3833,2.6335,5439753.5,1737158399999,14212786.617832,96178,2855539.77000000,7467124.74918400,0
2025-01-18,2.6357,2.6761,2.3652,2.4368,4257127.15,1737244799999,10620513.80713,77252,1897199.65000000,4735834.94261900,0
2025-01-19,2.4363,2.4823,1.9208,1.9487,8064842.12,1737331199999,17793316.63382,146766,3657590.26000000,8086284.35941100,0
2025-01-20,1.9496,2.2115,1.82,1.8581,7078264.49,1737417599999,14155834.331824,144904,3341787.41000000,6692836.77722100,0
2025-01-21,1.861,2.134,1.7923,2.0475,5340675.95,1737503999999,10375907.680221,116554,2659344.28000000,5170082.56076700,0
2025-01-22,2.0461,2.3301,2.0196,2.1185,7864119.3,1737590399999,17165460.075885,158409,3813973.44000000,8329992.21898100,0
2025-01-23,2.1185,2.16,1.9539,2.0232,3113211.93,1737676799999,6342596.235928,63864,1482970.24000000,3021459.95488400,0
2025-01-24,2.0236,2.1,1.9402,1.9829,2080390.48,1737763199999,4229727.686442,36112,987966.66000000,2009350.93833400,0
2025-01-25,1.9838,2.3278,1.9668,2.2157,6683872.34,1737849599999,14458775.292547,133658,3549433.11000000,7688631.41852200,0
2025-01-26,2.2157,2.281,2.1,2.1114,2340585.21,1737935999999,5119408.77335,47187,1085601.98000000,2378431.60543500,0
2025-01-27,2.1113,2.1624,1.8915,2.0485,2993656.33,1738022399999,6059370.176531,62455,1377515.98000000,2792597.17815500,0
2025-01-28,2.0473,2.0837,1.9051,1.9326,1496333.81,1738108799999,2997293.252793,28099,696458.18000000,1395445.91230900,0
2025-01-29,1.9326,2.21,1.9274,2.0463,4177520.19,1738195199999,8656006.266132,77620,2250985.29000000,4666289.24952100,0
2025-01-30,2.0465,2.4485,2.0384,2.1998,4847340.47,1738281599999,10675347.301007,85706,2582054.67000000,5692995.44563200,0
2025-01-31,2.1999,2.3388,2.1571,2.2559,4490654.49,1738367999999,10019917.414995,85868,2231233.10000000,4985760.27229400,0
2025-02-01,2.2576,2.2628,1.9922,2.0014,2247132.17,1738454399999,4778092.334531,42577,978469.24000000,2080962.31944600,0
2025-02-02,2.0001,2.0799,1.805,1.8523,4093515.57,1738540799999,7823514.606092,73536,1873625.39000000,3579634.29456100,0
2025-02-03,1.8526,2.0363,1.5001,1.9175,9029774.43,1738627199999,16125782.43252,145871,3971951.32000000,7119904.62263700,0
2025-02-04,1.9175,2.15,1.7734,1.8985,6159877.88,1738713599999,11997822.071226,107147,3037076.20000000,5930170.92571700,0
2025-02-05,1.8982,2.2,1.8885,2.0652,7571445.81,1738799999999,15687560.510635,136474,3803288.18000000,7887788.83152300,0
2025-02-06,2.063,2.2434,1.9465,1.9928,5358686.14,1738886399999,11307416.492391,88269,2488565.42000000,5261953.81333600,0
2025-02-07,1.9929,2.0709,1.8771,1.9057,3575554.2,1738972799999,7023004.804585,65884,1666092.40000000,3279294.31355400,0
2025-02-08,1.9054,1.9634,1.8831,1.932,2355873.15,1739059199999,4545931.244265,39241,1186080.88000000,2290137.45093200,0
2025-02-09,1.9322,2.0264,1.9,1.9584,3164623.99,1739145599999,6158275.354323,56610,1580399.15000000,3075257.04779700,0
2025-02-10,1.9611,2.0071,1.891,1.9517,2321582.43,1739231999999,4502123.240329,35417,1147136.94000000,2227957.81250000,0
2025-02-11,1.9523,2.1056,1.9,1.982,3613253.41,1739318399999,7271135.047566,55394,1684813.64000000,3395251.96998800,0
2025-02-12,1.9814,2.134,1.9283,2.063,4065410.72,1739404799999,8266134.760109,63254,1939936.06000000,3950249.24405600,0
2025-02-13,2.063,2.0787,1.93,1.9973,1983571.6,1739491199999,3954574.215408,32767,917196.88000000,1828407.06931000,0
2025-02-14,1.9983,2.1182,1.9725,2.03,2208386.12,1739577599999,4494306.220682,29384,1162499.54000000,2369012.49379200,0
2025-02-15,2.0311,2.45,2.0261,2.3165,8743853.08,1739663999999,19905442.766512,140345,4426541.15000000,10085213.48666200,0
2025-02-16,2.3164,2.3924,2.1404,2.243,3419210.5,1739750399999,7654144.760717,58581,1623228.22000000,3640605.09166200,0
2025-02-17,2.2403,2.28,2.14,2.2417,2993693.94,1739836799999,6601594.795291,43920,1472993.89000000,3251358.37867100,0
2025-02-18,2.2415,2.49,2.018,2.0916,8353840.05,1739923199999,18500085.678633,143224,4105041.03000000,9126774.38103700,0
2025-02-19,2.0923,2.0985,1.9349,1.9892,3314207.95,1740009599999,6593292.507834,50923,1493120.89000000,2972075.49596000,0
2025-02-20,1.9896,2.0499,1.909,1.9216,3102926.0,1740095999999,6099715.794802,50445,1438013.87000000,2825939.16200400,0
2025-02-21,1.9217,2.0117,1.831,1.8609,3542384.84,1740182399999,6827020.288055,56091,1481014.12000000,2852052.18918900,0
2025-02-22,1.8609,1.9445,1.8273,1.9021,2736915.46,1740268799999,5174900.145652,47768,1282349.79000000,2422120.38422100,0
2025-02-23,1.9023,1.921,1.8055,1.8339,2645782.43,1740355199999,4911165.960919,53549,1297426.85000000,2406512.84225100,0
2025-02-24,1.8355,1.849,1.55,1.5592,6340980.58,1740441599999,10877010.194589,117456,3003965.19000000,5145539.97641100,0
2025-02-25,1.5593,2.25,1.5284,1.6851,16562828.65,1740527999999,30106640.054581,353045,8237330.12000000,15047255.81387800,0
2025-02-26,1.6854,1.7363,1.6324,1.6796,4167392.57,1740614399999,7080968.086211,77459,2039567.04000000,3466184.77838600,0
2025-02-27,1.6823,1.7238,1.635,1.6751,2208492.63,1740700799999,3715953.593047,37894,1096525.68000000,1848085.56249000,0
2025-02-28,1.6743,1.6775,1.5614,1.5844,622130.58,1740787199999,1003757.7874,21276,279235.00000000,450958.75065600,0
