timestamp,open,high,low,close,volume,close_time,quote_asset_volume,num_trades,taker_buy_base,taker_buy_quote,ignore,daily_return,ftt_volatility,rolling_mean_7,rolling_mean_30,rolling_std_7,rolling_std_30,rolling_volatility_7,rolling_volatility_30,is_fraud
2022-01-31,41.05,44.11,39.56,43.58,855410.43,1643673599999,36151923.9075,58922,463577.87,19603677.4588,0,,0.0560202726843126,39.66571428571428,40.20366666666666,2.7010544678135013,3.732689225019237,0.0283980377379994,0.0560202726843126,0
2022-02-01,43.6,50.08,42.7,45.2,1190168.54,1643759999999,53975138.5101,141115,605478.92,27468569.3486,0,0.03717301514456173,0.0563290139834916,40.91428571428571,40.37166666666667,2.9780690452196223,3.842461570340064,0.0284133260915129,0.0563290139834916,0
2022-02-02,45.21,46.22,42.2,42.9,812628.29,1643846399999,36089493.3362,68455,375809.1,16717953.2096,0,-0.050884955752212524,0.05726301362532,41.83142857142857,40.461000000000006,2.295121119327048,3.869869774161079,0.0414259596391255,0.05726301362532,1
2022-02-03,42.89,43.19,40.78,42.77,712747.69,1643932799999,29911788.4934,45916,379098.0,15924758.2455,0,-0.003030303030302939,0.0570893798667467,42.462857142857146,40.50833333333333,1.711487796097473,3.889751417758469,0.0405813287644679,0.0570893798667467,0
2022-02-04,42.73,46.14,42.49,46.03,754103.91,1644019199999,33118526.1342,65518,402589.68,17691879.9658,0,0.07622165068973574,0.0564238008640612,43.32285714285714,40.774,1.784467374183103,3.987704896908444,0.0457916301355409,0.0564238008640612,1
2022-02-05,46.04,47.04,44.99,46.16,599576.68,1644105599999,27711560.8575,53326,302823.51,14004149.3054,0,0.002824245057571062,0.056414076471855,43.955714285714286,41.02466666666666,1.9067673966066343,4.084123789313538,0.0451051636276532,0.056414076471855,0
2022-02-06,46.14,46.87,44.99,46.65,333237.85,1644191999999,15310055.2058,32371,162513.72,7473466.2886,0,0.010615251299826767,0.0538781825804031,44.75571428571429,41.396,1.6406589849088238,4.071846653843164,0.0430560355267108,0.0538781825804031,0
2022-02-07,46.63,48.47,45.85,47.22,640037.83,1644278399999,30282783.5967,63839,314592.77,14905360.1755,0,0.01221864951768481,0.0537617965545054,45.27571428571429,41.79600000000001,1.7770842893427232,4.033455436548253,0.0387825212613219,0.0537617965545054,0
2022-02-08,47.22,48.58,45.18,46.39,594642.94,1644364799999,27721653.7369,55599,296952.46,13832753.7665,0,-0.01757729775518846,0.0533638759185501,45.44571428571429,42.104,1.824909652036342,4.019211279634947,0.0384170234705457,0.0533638759185501,0
2022-02-09,46.37,48.22,45.53,47.97,601896.57,1644451199999,28416391.3197,42265,310210.34,14634295.6282,0,0.034059064453545895,0.0534750045493631,46.17000000000001,42.43266666666667,1.6432183867845571,4.083967757423913,0.0307074195681781,0.0534750045493631,0
2022-02-10,47.96,48.36,44.35,44.55,699147.01,1644537599999,32626316.5513,69423,320938.18,15009529.4942,0,-0.07129455909943716,0.0550086290706401,46.42428571428571,42.59166666666667,1.065580548228097,4.069961520900306,0.0453047439294544,0.0550086290706401,1
2022-02-11,44.57,45.35,42.9,43.46,432220.03,1644623999999,19134773.1071,38984,202037.47,8954415.0116,0,-0.02446689113355771,0.0548304287178483,46.057142857142864,42.65933333333333,1.5546029963275694,4.066855884047175,0.0341802251450732,0.0548304287178483,0
2022-02-12,43.42,44.88,42.78,44.18,364472.27,1644710399999,16034787.6079,30336,184085.22,8102500.3564,0,0.01656695812241149,0.0548064573962401,45.77428571428571,42.76766666666666,1.705567912679551,4.062485805457068,0.0352604088176751,0.0548064573962401,0
2022-02-13,44.18,45.44,43.86,44.32,445019.25,1644796799999,19849976.8011,31859,247839.65,11052393.8389,0,0.0031688546853780863,0.0521796649319873,45.441428571428574,42.754,1.7333150182183064,4.056341650577134,0.0347955254057911,0.0521796649319873,0
2022-02-14,44.32,45.08,43.32,44.85,437321.39,1644883199999,19286232.5479,36155,199665.98,8820825.8726,0,0.011958483754512583,0.0519687501232157,45.10285714285714,42.71566666666667,1.5497495957489331,4.029956518404364,0.0347720049478839,0.0519687501232157,0
2022-02-15,44.86,47.42,44.67,47.17,381742.3,1644969599999,17722507.3062,33156,194039.28,9008113.5016,0,0.05172798216276475,0.0527865594673287,45.21428571428572,42.74033333333333,1.680266418784656,4.055658017390387,0.0405739337739652,0.0527865594673287,1
2022-02-16,47.21,47.23,45.77,46.38,356106.57,1645055999999,16570247.8342,32319,173704.66,8087898.3793,0,-0.016747933008267935,0.0521953472827315,44.98714285714285,42.807,1.312982791023547,4.099738553480757,0.038610157835723,0.0521953472827315,0
2022-02-17,46.37,46.83,43.16,43.72,428971.49,1645142399999,19358427.2631,36200,167333.48,7537318.9248,0,-0.057352307028891825,0.0532899206454663,44.86857142857144,42.76533333333334,1.3940161234293975,4.083316546998094,0.034734559414489,0.0532899206454663,1
2022-02-18,43.72,44.4,42.42,43.09,333069.22,1645228799999,14461134.8981,31932,161808.6,7025163.5075,0,-0.014409881061299035,0.0528803790861966,44.815714285714286,42.646,1.4616982947113528,4.017043517400526,0.0338551380826435,0.0528803790861966,0
2022-02-19,43.08,43.66,41.88,42.78,186041.48,1645315199999,7965177.6156,18268,80398.22,3441657.7468,0,-0.007194244604316613,0.0525731028227214,44.61571428571428,42.56633333333333,1.6471880801622931,3.988861632901888,0.0330129216576778,0.0525731028227214,0
2022-02-20,42.78,42.8,40.27,40.84,355437.57,1645401599999,14600339.5738,24544,175200.44,7197883.8651,0,-0.04534829359513781,0.0455901312722226,44.11857142857143,42.64366666666667,2.187764677865161,3.929760441354755,0.0361694253994757,0.0455901312722226,0
2022-02-21,40.85,42.53,39.66,39.81,627981.34,1645487999999,25861101.2538,49313,314696.88,12985672.4722,0,-0.0252203721841332,0.038284152412546,43.39857142857143,42.856,2.6807301777154766,3.571038291975956,0.0349359756067588,0.038284152412546,0
2022-02-22,39.81,41.71,39.04,41.51,674300.35,1645574399999,27322416.5981,46734,325413.34,13194249.5212,0,0.042702838482793215,0.0366314853412356,42.59,43.04,2.155782920425934,3.339787315136213,0.0320517268325049,0.0366314853412356,0
2022-02-23,41.52,43.4,40.66,40.78,479446.06,1645660799999,20165582.9361,39946,236651.22,9959961.0342,0,-0.01758612382558411,0.0367510507147546,41.790000000000006,43.213,1.4327363097700505,3.0635703196512725,0.0320493481754714,0.0367510507147546,0
2022-02-24,40.77,42.54,37.29,41.3,1069203.48,1645747199999,42044199.943,90170,506393.0,19911286.7404,0,0.012751348700343224,0.0366015999816421,41.44428571428572,43.37433333333333,1.1543375754498366,2.812865373457345,0.0283609225839134,0.0366015999816421,0
2022-02-25,41.27,43.6,41.12,43.09,509164.09,1645833599999,21528071.1215,43958,248972.56,10519674.1286,0,0.04334140435835376,0.0372577763108477,41.44428571428572,43.59466666666667,1.1543375754498366,2.4951452633178275,0.0339521071665732,0.0372577763108477,0
2022-02-26,43.1,44.2,42.63,43.29,279781.54,1645919999999,12163101.7087,28757,138513.58,6022296.527,0,0.004641448131817105,0.0362743344664426,41.51714285714286,43.75933333333333,1.2636153724626715,2.291811410266954,0.0337998827807721,0.0362743344664426,0
2022-02-27,43.29,44.25,40.9,41.51,346703.48,1646006399999,14819825.8576,36231,155591.28,6652878.5438,0,-0.04111804111804118,0.0364497734992757,41.612857142857145,43.809333333333335,1.2286674934757482,2.222507023895377,0.0328323793493516,0.0364497734992757,0
2022-02-28,41.53,46.42,41.16,45.95,515030.57,1646092799999,22518500.4632,50831,268255.82,11741369.1415,0,0.10696217778848482,0.0405761493536309,42.49,43.95,1.7903724007405564,2.2199083547408427,0.0483729968314707,0.0405761493536309,1
2022-03-01,45.96,47.73,45.21,46.25,528499.97,1646179199999,24454109.1525,59271,250456.09,11596756.2483,0,0.006528835690968293,0.0403960426138007,43.167142857142856,44.123333333333335,2.2060576774397,2.1884529779690323,0.0476789100673334,0.0403960426138007,0
2022-03-02,46.26,47.59,45.5,46.16,677687.07,1646265599999,31426733.646,62121,325139.18,15073957.9584,0,-0.0019459459459459927,0.0389515276323124,43.93571428571428,44.20933333333333,2.1727084260807,2.2168740547700403,0.0461573771440737,0.0389515276323124,0
2022-03-03,46.16,46.4,43.81,44.86,356690.4,1646351999999,16070303.1494,33281,155189.63,6985519.4114,0,-0.02816291161178508,0.0387804570346093,44.44428571428572,44.198,1.8448473933531933,2.2124996006233624,0.0495104046114718,0.0387804570346093,0
2022-03-04,44.88,44.93,40.02,40.5,433902.59,1646438399999,18402275.5971,42185,196504.54,8342851.6062,0,-0.09719126170307624,0.0417059660837828,44.07428571428572,44.118,2.3517997161242428,2.30260631938438,0.0620182919760303,0.0417059660837828,1
2022-03-05,40.5,41.55,39.75,41.16,229112.21,1646524799999,9297594.5679,20840,114286.06,4639768.5629,0,0.016296296296296253,0.0418238781959639,43.77,44.06433333333333,2.59536766823768,2.3533112157470457,0.062542894075444,0.0418238781959639,0
2022-03-06,41.15,41.41,39.55,39.81,258126.28,1646611199999,10441106.9006,26122,128456.02,5190872.803,0,-0.03279883381924187,0.0396114758108779,43.527142857142856,43.857,2.9033527417207323,2.446320460018141,0.0618286436609637,0.0396114758108779,0
2022-03-07,39.81,41.02,38.52,39.76,386503.75,1646697599999,15316308.3089,36484,185890.44,7364490.1093,0,-0.0012559658377293559,0.0395939946727328,42.642857142857146,43.64366666666668,2.983961093835497,2.516608943541401,0.0384861734898424,0.0395939946727328,0
2022-03-08,39.76,41.24,39.64,40.57,352285.31,1646783999999,14305335.3554,30595,162829.86,6613806.7018,0,0.020372233400402395,0.0397596499195078,41.83142857142857,43.441,2.5852300256871525,2.510965400275208,0.040373380755706,0.0397596499195078,0
2022-03-09,40.56,43.47,40.48,42.75,365323.76,1646870399999,15577376.099,33102,183432.27,7823688.4188,0,0.05373428641853595,0.0410410979072957,41.34428571428571,43.292,1.8505211621131687,2.409564848394958,0.0486558293098834,0.0410410979072957,1
2022-03-10,42.76,42.85,40.05,40.75,294812.88,1646956799999,12048315.1814,30805,151554.53,6190683.1308,0,-0.04678362573099415,0.0417514550529216,40.75714285714285,43.104,1.0104737220023232,2.379350244542998,0.0503044672764574,0.0417514550529216,0
2022-03-11,40.74,42.06,39.76,40.81,284079.22,1647043199999,11620489.9257,27475,142097.32,5810074.0874,0,0.0014723926380368901,0.0411611686134421,40.80142857142857,42.86533333333333,1.004098743010055,2.2287583265488538,0.0337114859701071,0.0411611686134421,0
2022-03-12,40.8,41.5,40.71,40.93,97965.23,1647129599999,4031938.6136,11026,49763.45,2048654.2112,0,0.002940455770644279,0.0391950643196535,40.76857142857143,42.74466666666667,0.9941232078475176,2.232395857451752,0.0331121728574004,0.0391950643196535,0
2022-03-13,40.92,41.45,39.72,39.8,110703.5,1647215999999,4506421.3162,13456,53686.06,2184771.8253,0,-0.027608111409723968,0.0392610705356457,40.76714285714286,42.62266666666667,0.9957361478778216,2.2911899232424497,0.032312356994613,0.0392610705356457,0
2022-03-14,39.78,41.57,39.6,41.47,228200.79,1647302399999,9279269.4484,22823,107374.35,4366480.2616,0,0.04195979899497493,0.0399470190335725,41.01142857142857,42.53233333333333,0.9138641141043408,2.2810730737563008,0.035873202503942,0.0399470190335725,0
2022-03-15,41.46,41.57,40.06,41.02,203897.73,1647388799999,8314833.8061,22411,94120.42,3840596.004,0,-0.010851217747769315,0.0399744658462568,41.07571428571429,42.42233333333333,0.8932311597576515,2.2714414128376603,0.0358141366752626,0.0399744658462568,0
2022-03-16,41.0,42.83,40.63,42.72,383954.87,1647475199999,16040881.9107,44026,184712.1,7718013.2658,0,0.04144319843978539,0.0406807772720473,41.07142857142857,42.35133333333333,0.8838821296121517,2.225771827902622,0.0330572643213586,0.0406807772720473,0
2022-03-17,42.72,43.45,42.45,43.06,214644.81,1647561599999,9208635.7273,22605,115202.09,4940187.3287,0,0.007958801498127333,0.0394987863404273,41.401428571428575,42.21433333333333,1.1384408720033388,2.0374708516355,0.0257001448429666,0.0394987863404273,0
2022-03-18,43.06,45.11,42.36,44.58,238326.32,1647647999999,10396915.5019,30635,123343.55,5385341.8061,0,0.035299581978634365,0.0399815977743592,41.94,42.15433333333333,1.6072440179802971,1.9344689787859035,0.0273540410277612,0.0399815977743592,0
2022-03-19,44.57,45.34,44.3,44.92,191418.79,1647734399999,8582190.0244,19133,106772.05,4787073.8189,0,0.007626738447734427,0.03853193630916,42.51,42.19433333333333,1.874628852155398,1.9798339939697167,0.0271225943431212,0.03853193630916,0
2022-03-20,44.9,45.02,43.5,44.03,142175.79,1647820799999,6300949.6942,16398,63928.21,2834084.4689,0,-0.019813000890472,0.0386219614078308,43.11428571428571,42.22566666666667,1.4997539480734985,2.00181414848067,0.0252390239017153,0.0386219614078308,0
2022-03-21,44.02,45.06,43.47,44.67,218379.01,1647907199999,9694356.1019,20524,103288.23,4589816.7045,0,0.014535543947308716,0.0386582246335498,43.57142857142857,42.28866666666667,1.3993620995705278,2.049044745196164,0.0222755886557833,0.0386582246335498,0
2022-03-22,44.65,46.69,44.46,45.28,316543.4,1647993599999,14482038.3184,36448,145694.76,6668620.453,0,0.01365569733601979,0.0376453626497791,44.18000000000001,42.43666666666666,0.9631718434423664,2.100502950171241,0.0201105020665388,0.0376453626497791,0
2022-03-23,45.27,46.33,44.63,46.16,303030.73,1648079999999,13747968.1211,29520,137104.87,6227715.3872,0,0.019434628975264934,0.0373263250029668,44.67142857142857,42.64833333333333,0.9716382826860646,2.1461353933143905,0.0165872560181667,0.0373263250029668,0
2022-03-24,46.16,49.7,45.9,49.47,654635.84,1648166399999,31126748.8464,74255,361335.77,17211335.1032,0,0.07170710571923755,0.0386713916872825,45.58714285714286,42.91366666666667,1.83595310656999,2.46840934867854,0.0280340561452981,0.0386713916872825,1
2022-03-25,49.47,51.48,49.13,49.71,829572.73,1648252799999,41690520.6068,94002,428638.17,21546332.9429,0,0.004851425106124907,0.0384038453095911,46.32,43.211333333333336,2.325525030324736,2.7271163668169467,0.0276878190840774,0.0384038453095911,0
2022-03-26,49.71,50.57,49.51,49.92,280066.19,1648339199999,14010000.8782,19177,134525.82,6731725.3464,0,0.004224502112251116,0.0383939121667949,47.03428571428572,43.498666666666665,2.578015109490655,2.962722109623264,0.0278884306484034,0.0383939121667949,0
2022-03-27,49.9,52.3,49.56,51.99,358783.82,1648425599999,18200781.0393,47893,190458.98,9657590.8406,0,0.041466346153846256,0.0383342732284586,48.17142857142858,43.79533333333333,2.7796488301668325,3.3417388962297263,0.0243437199091329,0.0383342732284586,0
2022-03-28,51.98,53.28,51.23,51.74,421196.65,1648511999999,22017670.9898,55480,196721.4,10287705.6709,0,-0.00480861704173885,0.0383929858519031,49.181428571428576,44.077,2.572051247360334,3.640441570412327,0.0266238250164454,0.0383929858519031,0
2022-03-29,51.74,52.53,50.31,51.11,489229.2,1648598399999,25258227.8531,39874,201185.71,10391845.5704,0,-0.012176265945110232,0.0375040782931899,50.01428571428571,44.397000000000006,1.972112717729088,3.824301739285672,0.0295252107379918,0.0375040782931899,0
2022-03-30,51.1,52.2,49.78,51.17,434345.25,1648684799999,22166950.2902,42820,197446.11,10088951.1145,0,0.0011739385638818156,0.0324797606750704,50.73,44.571,1.0189700682553118,4.011563759072441,0.030158092818388,0.0324797606750704,0
2022-03-31,51.18,51.75,48.54,48.83,520234.29,1648771199999,26125834.1354,52365,231067.5,11595742.7743,0,-0.045729919874926805,0.0337231100608234,50.638571428571424,44.657,1.1685950050015277,4.075937928869865,0.0258442362197597,0.0337231100608234,0
2022-04-01,48.82,51.15,47.41,50.49,530891.56,1648857599999,26235441.6811,58044,263242.42,13010314.1083,0,0.033995494573008544,0.0341996448706461,50.75,44.80133333333334,1.1004998864153672,4.205598676750436,0.0291831828666775,0.0341996448706461,0
2022-04-02,50.49,51.27,49.4,49.68,448008.26,1648943999999,22615692.5049,43036,211732.28,10693590.0554,0,-0.016042780748663166,0.0338820207312373,50.71571428571429,44.962,1.1338997184181712,4.298950473361348,0.0299885176136709,0.0338820207312373,0
2022-04-03,49.69,51.28,49.28,50.42,266145.69,1649030399999,13413108.813,30341,123444.27,6223912.9394,0,0.014895330112721483,0.0280140442428196,50.49142857142857,45.29266666666667,0.9853836574559104,4.325339877682589,0.0251041568403738,0.0280140442428196,0
2022-04-04,50.42,50.43,48.79,50.08,315793.57,1649116799999,15718845.7771,31705,133435.35,6642050.4482,0,-0.006743355811186125,0.0280861378866856,50.25428571428571,45.59,0.8208300096622552,4.338026724453059,0.0251239147683897,0.0280861378866856,0
2022-04-05,50.09,51.05,48.45,48.55,442294.08,1649203199999,22144496.5663,38249,193636.19,9705981.7058,0,-0.03055111821086265,0.0279792739446382,49.88857142857143,45.88133333333333,0.937966391925204,4.228567649667681,0.0269671063187925,0.0279792739446382,0
2022-04-06,48.54,48.54,44.98,45.03,461264.63,1649289599999,21563546.9768,47202,207189.79,9687975.8887,0,-0.07250257466529342,0.0315066882585015,49.01142857142857,46.057,1.908607071238388,4.072070683960727,0.0360823386290771,0.0315066882585015,1
2022-04-07,45.02,46.11,44.48,45.55,241368.31,1649375999999,10948111.0259,25075,110492.39,5009951.2923,0,0.011547856984232663,0.0313957241201488,48.54285714285714,46.223,2.319063850534816,3.9400430156937647,0.0351015456116863,0.0313957241201488,0
2022-04-08,45.54,46.54,44.52,44.68,304508.51,1649462399999,13944491.5341,27856,136419.95,6249359.4343,0,-0.019099890230515837,0.030239506819408,47.712857142857146,46.28733333333333,2.5356242774099416,3.896900566217784,0.0294588672756146,0.030239506819408,0
2022-04-09,44.66,45.7,44.57,45.61,109439.79,1649548799999,4932327.241,10002,57007.16,2570667.0264,0,0.020814682184422617,0.0289777570685571,47.13142857142857,46.449333333333335,2.4752873811030165,3.757285275791304,0.0327531517824504,0.0289777570685571,0
2022-04-10,45.62,46.38,44.81,44.98,122349.94,1649635199999,5582020.4723,14269,62983.65,2875357.0772,0,-0.013812760359570353,0.0291606091663727,46.35428571428571,46.58833333333334,2.095573566217322,3.6159408403511697,0.0306000265891826,0.0291606091663727,0
2022-04-11,44.97,45.21,41.15,41.36,518138.97,1649721599999,22312106.9916,39368,181186.9,7781074.9984,0,-0.08048021342819023,0.0329612815308168,45.10857142857143,46.60266666666666,2.1034846372264853,3.5935209257326086,0.0386183714755614,0.0329612815308168,1
2022-04-12,41.36,42.67,41.04,41.78,218149.72,1649807999999,9125087.0755,21014,108927.85,4550793.2724,0,0.01015473887814311,0.0325544231775589,44.14142857142857,46.66866666666667,1.7905439450200176,3.480683378534908,0.0408702260257279,0.0325544231775589,0
2022-04-13,41.79,43.06,41.38,42.86,175651.97,1649894399999,7421394.9017,18171,82963.53,3508134.6563,0,0.02584968884633798,0.0320030893644349,43.83142857142857,46.715,1.798892516442969,3.4177778120313467,0.0366991672620926,0.0320030893644349,0
2022-04-14,42.86,43.31,41.4,41.71,146063.66,1649980799999,6190190.0844,13847,66440.17,2818219.3518,0,-0.02683154456369574,0.0323486218886973,43.28285714285715,46.73800000000001,1.7727823168278103,3.3802472874240896,0.0364311980081898,0.0323486218886973,0
2022-04-15,41.72,43.13,41.6,42.7,512336.74,1650067199999,21715955.7389,37427,276437.2,11708623.9378,0,0.02373531527211714,0.0317423728984364,43.0,46.73733333333333,1.6675431028912682,3.381068932517757,0.038558606903348,0.0317423728984364,0
2022-04-16,42.71,43.09,41.33,41.82,206683.27,1650153599999,8762109.4955,21128,102215.47,4334463.217,0,-0.020608899297423933,0.0319381143061691,42.45857142857143,46.696000000000005,1.2391183501645582,3.434727916745219,0.0369386489147864,0.0319381143061691,0
2022-04-17,41.82,48.51,41.62,44.8,1416305.21,1650239999999,65520560.5699,159254,748375.19,34572355.989,0,0.07125777140124345,0.0339390320068123,42.43285714285714,46.70333333333333,1.1784554055446457,3.430286339041696,0.0483610227748542,0.0339390320068123,1
2022-04-18,44.8,44.81,40.21,43.37,1226831.42,1650326399999,51575234.7347,98869,620565.01,26091585.7868,0,-0.03191964285714288,0.0344261946430609,42.720000000000006,46.65166666666666,1.1167363162359525,3.469521564287713,0.036957102880658,0.0344261946430609,0
2022-04-19,43.37,43.99,42.87,43.48,446021.57,1650412799999,19336766.5848,38565,206959.89,8980508.6786,0,0.002536315425409219,0.034237257065649,42.96285714285714,46.63333333333333,1.061739363587276,3.4852698241494053,0.0369738335608996,0.034237257065649,0
2022-04-20,43.47,44.2,42.33,42.77,456470.2,1650499199999,19758908.9876,45113,215554.08,9330108.0143,0,-0.016329346826126856,0.0342538358832068,42.95,46.57,1.0637355561104327,3.5390257767181987,0.0366904940306629,0.0342538358832068,0
2022-04-21,42.76,46.0,41.76,42.13,1027803.62,1650585599999,45377593.2102,105691,515834.08,22779643.3848,0,-0.014963759644610719,0.0342336385219971,43.01,46.465,0.9915308030180252,3.624319912423045,0.0354842144666306,0.0342336385219971,0
2022-04-22,42.13,42.67,40.9,41.32,445803.08,1650671999999,18635643.1238,40791,223787.67,9349422.9585,0,-0.01922620460479474,0.0341330037994024,42.81285714285714,46.303666666666665,1.182281893708399,3.744109381077328,0.0347985802696007,0.0341330037994024,0
2022-04-23,41.32,42.17,40.72,41.03,203106.09,1650758399999,8395887.1659,25688,104756.86,4332010.2188,0,-0.0070183930300096176,0.0310706769952583,42.7,46.02233333333333,1.32227077408534,3.814417914045141,0.034101282210483,0.0310706769952583,0
2022-04-24,41.02,41.62,40.49,40.79,257618.39,1650844799999,10572189.0455,27193,130571.25,5360744.4845,0,-0.005849378503534064,0.0310061938496529,42.12714285714286,45.725,1.1129048220119275,3.864381781310448,0.0111017998094125,0.0310061938496529,0
2022-04-25,40.77,42.03,39.58,41.83,382363.16,1650931199999,15545948.9381,40168,186206.86,7575629.6682,0,0.025496445207158658,0.0314899299764368,41.90714285714285,45.455333333333336,0.9692043865240216,3.843764976608516,0.0153927588120947,0.0314899299764368,0
2022-04-26,41.83,42.21,38.33,38.71,418201.71,1651017599999,16876288.2638,44398,173378.33,6999180.5895,0,-0.07458761654315083,0.0326423407607407,41.22571428571428,45.01266666666667,1.2995878467532889,3.829920259666283,0.0298600238386308,0.0326423407607407,1
2022-04-27,38.68,39.79,38.44,39.57,269558.48,1651103999999,10571178.6622,27396,140267.09,5503308.2118,0,0.022216481529320653,0.0331385822072706,40.76857142857143,44.607,1.2266000240697486,3.736165423126425,0.0331741108311675,0.0331385822072706,0
2022-04-28,39.56,40.79,39.33,39.84,246779.87,1651190399999,9901624.6045,27688,113370.34,4547225.2093,0,0.006823351023502733,0.0332445174147566,40.44142857142857,44.231333333333325,1.1020349143204349,3.6246785668033534,0.0337099978942026,0.0332445174147566,0
2022-04-29,39.84,40.43,38.4,38.79,219561.74,1651276799999,8656395.2212,20358,98641.8,3886560.7691,0,-0.026355421686747094,0.0333700711338254,40.08,43.818666666666665,1.1781199712537636,3.510402013851192,0.0342288096153211,0.0333700711338254,0
2022-04-30,38.79,39.43,37.86,37.95,250905.75,1651363199999,9727044.8861,21589,124988.46,4850415.0649,0,-0.021655065738592327,0.0327308276115062,39.64,43.456,1.3295989370233567,3.536736855663257,0.0345708628020273,0.0327308276115062,0
2022-05-01,37.94,39.3,37.76,39.11,288677.28,1651449599999,11119856.4435,24537,146843.67,5656491.8042,0,0.0305665349143609,0.0325853543063761,39.4,43.07666666666667,1.235731901883918,3.3622676392816846,0.0379704538681761,0.0325853543063761,0
2022-05-02,39.12,39.94,38.5,39.11,367189.86,1651535999999,14380333.0576,30861,158310.74,6198958.9516,0,0.0,0.0325797063575762,39.01142857142857,42.72433333333333,0.6170475014518295,3.1961546759572794,0.0356708438986285,0.0325797063575762,0
2022-05-03,39.12,39.24,37.61,37.79,176112.63,1651622399999,6799263.5455,17876,77563.26,2996424.4265,0,-0.033750958834057765,0.0326412116289143,38.88,42.30333333333333,0.770778826901941,2.971437981543753,0.0248562517296792,0.0326412116289143,0
2022-05-04,37.8,39.74,37.69,39.56,307307.71,1651708799999,11911654.8981,25792,151433.57,5871650.4116,0,0.046837787774543616,0.0342000592193928,38.87857142857143,41.95266666666667,0.7692946676759292,2.6222797837697835,0.0302116368013097,0.0342000592193928,0
2022-05-05,39.58,39.82,35.79,36.21,453827.57,1651795199999,17034598.0119,38819,210940.34,7917167.2005,0,-0.08468149646107181,0.0368004682008428,38.36,41.54133333333333,1.1449454135461457,2.517468259339428,0.0437210302485023,0.0368004682008428,1
2022-05-06,36.19,36.29,34.9,35.89,367414.43,1651881599999,13144225.9601,27601,167846.78,6001360.4543,0,-0.008837337752002239,0.0347969942828109,37.94571428571429,41.236666666666665,1.4479854642786565,2.6312044355407034,0.0433098793274217,0.0347969942828109,0
2022-05-07,35.89,35.97,34.47,35.09,189498.12,1651967999999,6733357.1622,15569,87335.87,3104017.468,0,-0.022290331568681987,0.0347254370747758,37.53714285714285,40.888,1.8058489627294037,2.731069513881886,0.0433384970144765,0.0347254370747758,0
2022-05-08,35.09,35.14,33.49,33.83,281634.37,1652054399999,9628267.9244,21611,122771.49,4196864.4318,0,-0.035907666001710026,0.0350437094948993,36.78285714285715,40.52633333333334,2.1155355057741043,2.923245106730336,0.0400472868103347,0.0350437094948993,0
2022-05-09,33.83,34.07,30.05,30.15,1034542.42,1652140799999,33371081.554842,68783,414331.21,13304434.559,0,-0.10877919006798697,0.0390479613651677,35.50285714285714,40.011,2.998981573166291,3.330491679555147,0.0507553262255081,0.0390479613651677,1
2022-05-10,30.14,34.84,29.49,33.08,1028595.35,1652227199999,33778915.9416,87847,487075.66,15968484.721,0,0.09718076285240462,0.0439177459043823,34.83,39.614333333333335,2.92783765488011,3.42556583127046,0.071376842558041,0.0439177459043823,1
2022-05-11,33.06,33.73,26.36,29.94,1884307.51,1652313599999,58011690.8837,200244,869015.08,26598929.5158,0,-0.09492140266021754,0.0447958040402304,33.455714285714286,39.23366666666666,2.573971361812168,3.834951317708644,0.0704695715426251,0.0447958040402304,1
2022-05-12,29.9,31.38,26.18,29.67,1705335.85,1652399999999,49676347.9924,214915,864054.34,25229732.3118,0,-0.009018036072144242,0.0446388425630753,32.52142857142857,38.830000000000005,2.594458380031362,4.179548729971544,0.06766446016007,0.0446388425630753,0
2022-05-13,29.67,32.63,29.36,30.83,1044815.57,1652486399999,32862901.4816,95443,451449.8,14188316.8614,0,0.03909673070441522,0.0450728693859576,31.798571428571428,38.429,2.1696115518025354,4.353061823748792,0.0719878616615799,0.0450728693859576,0
2022-05-14,30.83,31.68,29.94,31.53,307742.9,1652572799999,9484814.9463,28496,163188.46,5026475.4905,0,0.022705157314304447,0.045338784407324,31.29,38.08966666666666,1.6161373703991715,4.483310417409263,0.0736589573183853,0.045338784407324,0
2022-05-15,31.54,32.78,30.91,32.66,211215.42,1652659199999,6700644.0246,21972,103135.82,3274636.2015,0,0.03583888360291776,0.0456859764884782,31.12285714285714,37.755,1.3479084326681474,4.501984811322575,0.0748900934908894,0.0456859764884782,0
2022-05-16,32.66,32.67,30.79,31.82,418383.78,1652745599999,13297432.7257,39840,206249.4,6556989.1243,0,-0.025719534598897642,0.0457446004832005,31.36142857142857,37.42166666666666,1.2937211004366544,4.560455273199204,0.0604412975375023,0.0457446004832005,0
2022-05-17,31.83,32.64,31.16,32.03,266048.73,1652831999999,8521720.5358,23118,122239.77,3918497.571,0,0.006599622878692646,0.0433395084044997,31.21142857142857,36.996,1.1089248332123507,4.442464833074461,0.0466058841872006,0.0433395084044997,0
2022-05-18,32.03,32.25,29.57,29.64,254168.63,1652918399999,7842060.2803,20316,116995.39,3610237.2066,0,-0.07461754605057758,0.0447554397136974,31.16857142857143,36.53833333333333,1.1703479336142062,4.470317494960171,0.0401640791754046,0.0447554397136974,1
2022-05-19,29.65,31.39,29.59,30.91,400287.93,1653004799999,12181129.986,34478,202372.73,6166532.0739,0,0.04284750337381915,0.0457883443681142,31.345714285714287,36.11933333333334,0.9848664400631442,4.385528657892371,0.0430600475581887,0.0457883443681142,0
2022-05-20,30.91,31.27,29.21,29.72,298643.57,1653091199999,9068730.8476,24321,168466.2,5124902.6417,0,-0.03849886768036237,0.0460674458845565,31.187142857142856,35.68433333333334,1.156196556036746,4.350173744713566,0.0433107654143428,0.0460674458845565,0
2022-05-21,29.72,30.34,29.44,30.1,112106.83,1653177599999,3357982.2405,9885,55682.29,1669436.6842,0,0.012786002691790088,0.0462636146991638,30.982857142857146,35.28333333333333,1.2105744405823398,4.289564187599956,0.0424291978224836,0.0462636146991638,0
2022-05-22,30.09,30.93,29.97,30.74,136318.46,1653263999999,4152007.5548,10594,72560.32,2210986.1418,0,0.02126245847176067,0.0465774301978627,30.708571428571428,34.93066666666667,0.9585132336323828,4.210331245330007,0.0403504751907578,0.0465774301978627,0
2022-05-23,30.74,31.15,29.44,29.68,322499.39,1653350399999,9849464.5299,20367,164972.5,5039095.6984,0,-0.03448275862068961,0.0468117211499883,30.40285714285714,34.55233333333333,0.8832650467769855,4.152910639733176,0.0411237982427612,0.0468117211499883,0
2022-05-24,29.68,30.08,28.71,29.83,340721.06,1653436799999,10028467.5398,24473,154254.29,4543382.4319,0,0.005053908355795,0.0468845680842538,30.08857142857143,34.187000000000005,0.527586598624761,4.0664363369857925,0.041029128066352,0.0468845680842538,0
2022-05-25,29.83,30.28,28.04,29.0,417601.89,1653523199999,12279256.862,34952,203764.03,5987268.1109,0,-0.027824337914850727,0.0465295783245257,29.99714285714285,33.75933333333333,0.6576907653737996,3.906421709789209,0.0312827124962314,0.0465295783245257,0
2022-05-26,29.02,29.33,26.55,27.54,371923.62,1653609599999,10334203.179,28305,174047.36,4834557.1584,0,-0.05034482758620695,0.045589435470454,29.515714285714285,33.387,1.01465687374079,3.9503637108848166,0.0283654280378009,0.045589435470454,1
2022-05-27,27.53,27.68,26.23,26.42,524260.93,1653695999999,14156086.3771,35035,251174.71,6784212.9796,0,-0.04066811909949153,0.0454901757102921,29.044285714285717,32.94866666666667,1.5364011752890134,3.9701530703864094,0.028662402353942,0.0454901757102921,0
2022-05-28,26.42,27.25,26.34,27.11,264349.11,1653782399999,7094165.868,16558,127291.87,3414948.3924,0,0.02611657834973502,0.0459051894320417,28.617142857142856,32.52433333333333,1.6079460426865675,3.887642387531692,0.0312448189985367,0.0459051894320417,0
2022-05-29,27.11,27.38,26.72,27.28,156325.46,1653868799999,4228815.9456,10391,73139.0,1978495.4713,0,0.0062707488011803925,0.0459328568901704,28.12285714285714,32.14066666666667,1.3591751700417762,3.815248835680406,0.0288109377067581,0.0459328568901704,0
2022-05-30,27.29,29.45,27.12,29.16,455073.42,1653955199999,12973146.7103,31648,216785.04,6172630.3015,0,0.06891495601173014,0.048108002135153,28.048571428571428,31.847666666666665,1.27125172659938,3.689164640826729,0.0417066112030133,0.048108002135153,1
2022-05-31,29.18,29.49,28.48,28.94,373572.59,1654041599999,10829983.6492,25124,155683.19,4514716.4551,0,-0.007544581618655677,0.0475652897688178,27.92142857142857,31.508666666666667,1.0957863017251952,3.4588893307387862,0.04163417289485,0.0475652897688178,0
2022-06-01,28.96,29.12,26.5,26.89,259217.71,1654127999999,7232363.0026,20407,112372.72,3132750.5627,0,-0.07083621285418107,0.04885016490516,27.62,31.101333333333336,1.038348046980224,3.2458341824914028,0.0484277932161337,0.04885016490516,1
2022-06-02,26.88,27.26,26.41,27.15,261327.15,1654214399999,7021920.4476,17278,120843.38,3249257.6812,0,0.009669021941242084,0.0488034253806246,27.56428571428572,30.746666666666663,1.0537054797694756,3.066104271269748,0.0452464062452681,0.0488034253806246,0
2022-06-03,27.15,27.31,25.79,25.97,314041.73,1654300799999,8242031.5451,17386,147067.98,3861955.1577,0,-0.043462246777163926,0.0479677375774893,27.5,30.29366666666667,1.144930856719153,2.701304261397336,0.0456634989375531,0.0479677375774893,0
2022-06-04,25.97,26.05,25.55,25.99,102685.39,1654387199999,2648664.7533,8070,48695.27,1256302.7651,0,0.0007701193685021313,0.0460511469482564,27.34,29.953,1.2789318459822885,2.5707320170426167,0.0440812492805944,0.0460511469482564,0
2022-06-05,25.98,26.41,25.66,26.13,167700.17,1654473599999,4364018.9562,10644,84989.62,2213348.6056,0,0.0053866871873797795,0.0461361930833096,27.17571428571429,29.627666666666663,1.35926275535536,2.4057641747202765,0.0440442454927506,0.0461361930833096,0
2022-06-06,26.13,27.64,26.12,27.37,297928.61,1654559999999,8061045.3761,20747,147560.23,3992388.9027,0,0.047455032529659436,0.0472131352248559,26.92,29.37033333333333,1.0589460168807892,2.2059222535042924,0.0384031325352734,0.0472131352248559,0
2022-06-07,27.38,27.45,25.13,27.06,541591.26,1654646399999,14198691.5336,36766,240116.66,6304578.1817,0,-0.011326269638290198,0.0469092670965881,26.65142857142857,29.14466666666667,0.6003451388287581,2.0764521023450166,0.0384162482575376,0.0469092670965881,0
2022-06-08,27.07,28.46,26.38,28.1,657309.56,1654732799999,18158092.4149,43241,293229.19,8102046.4578,0,0.03843311160384344,0.0433912754241566,26.82428571428571,29.07633333333333,0.8159627675919187,2.07595841319932,0.0304271362463455,0.0433912754241566,0
2022-06-09,28.11,29.14,27.93,28.54,439329.87,1654819199999,12563627.1856,22501,229093.08,6549746.268,0,0.01565836298932366,0.0393690771247157,27.02285714285714,28.925,1.0453343051506645,1.9347079437439416,0.0306080946115494,0.0393690771247157,0
2022-06-10,28.53,28.7,27.17,27.6,274798.95,1654905599999,7693557.9642,17494,121476.35,3405119.5484,0,-0.03293622985283806,0.0359158577864287,27.255714285714284,28.847,0.9488037581236536,1.9395398494452,0.0278148497509741,0.0359158577864287,0
2022-06-11,27.59,28.07,26.56,27.47,338011.32,1654991999999,9235197.0283,20736,162724.28,4444832.6739,0,-0.004710144927536297,0.0358957702399199,27.467142857142857,28.773666666666667,0.7672833958354576,1.948917441915383,0.0281621261334382,0.0358957702399199,0
2022-06-12,27.47,29.32,26.62,27.9,804458.56,1655078399999,22622343.7111,51393,357852.8,10051081.9779,0,0.015653440116490724,0.0352205001334267,27.72,28.676,0.497359695459565,1.915442867670567,0.0282535213333661,0.0352205001334267,0
2022-06-13,27.9,28.1,23.87,24.51,1458206.66,1655164799999,37194191.5363,101910,609249.6,15545347.4669,0,-0.12150537634408587,0.0409982378027231,27.31142857142857,28.442,1.322704660552993,1.9823904065893856,0.0524667292347378,0.0409982378027231,1
2022-06-14,24.5,24.79,22.31,23.96,958760.408,1655251199999,22687386.7092,63875,425322.83,10062910.7256,0,-0.022439820481436223,0.0402464734940233,26.868571428571432,28.152,1.8390797388137643,1.9804221075663715,0.0525266677231924,0.0402464734940233,0
2022-06-15,23.95,25.57,21.03,25.56,1112110.23,1655337599999,25524367.3188,89247,533981.42,12295128.2972,0,0.06677796327212016,0.042441731931128,26.505714285714287,27.94333333333333,1.805896426920145,1.9091256950604183,0.0582058342455753,0.042441731931128,1
2022-06-16,25.54,25.92,22.98,23.28,692159.9,1655423999999,16807409.965,46610,373008.93,9063919.0831,0,-0.08920187793427226,0.0449604706937589,25.754285714285714,27.651666666666664,1.90971077341474,1.9315155445531027,0.0632017611651419,0.0449604706937589,1
2022-06-17,23.27,25.11,23.16,24.35,377346.44,1655510399999,9192537.4097,29950,172788.05,4213306.3802,0,0.045962199312714835,0.0443309740532928,25.29,27.47533333333333,1.7766260157954206,1.9844789698076648,0.0687402818225306,0.0443309740532928,0
2022-06-18,24.35,24.72,21.1,22.79,438090.55,1655596799999,9937404.0209,35996,208836.31,4735028.2087,0,-0.06406570841889125,0.0446019557331405,24.62142857142857,27.20466666666667,1.6983857882458373,2.0524514078557115,0.0707977469624298,0.0446019557331405,1
2022-06-19,22.79,25.44,21.69,25.06,425568.76,1655683199999,9945523.1265,34543,208941.36,4887906.9694,0,0.09960508995173312,0.0484282892313674,24.215714285714284,27.049333333333333,0.9659340409312344,2.031756388691372,0.0844517198203189,0.0484282892313674,1
2022-06-20,25.05,26.92,23.97,26.69,594158.91,1655769599999,15146466.6423,43325,342828.32,8749608.4202,0,0.06504389465283333,0.0499869604446007,24.527142857142856,26.93566666666667,1.3512181453013543,1.9488983330700904,0.0728143904012032,0.0499869604446007,1
2022-06-21,26.68,28.21,26.38,27.39,572307.7,1655855999999,15591460.1128,38243,261983.07,7146672.4258,0,0.026227051330086182,0.0500774261595322,25.017142857142854,26.824,1.6905789371863922,1.8147605522681676,0.0709973085955034,0.0500774261595322,0
2022-06-22,27.39,27.41,25.09,25.18,404544.03,1655942399999,10572545.4951,30975,165468.0,4325965.5824,0,-0.08068638189120125,0.0517731937497443,24.962857142857143,26.674,1.6762827355565473,1.7555657306072183,0.0769445232834689,0.0517731937497443,1
2022-06-23,25.18,26.47,25.07,26.34,521353.72,1656028799999,13374949.9642,41317,281263.29,7205637.8284,0,0.046068308181096196,0.052560207039432,25.4,26.557666666666663,1.5591878227679208,1.6517862501218652,0.0670355573523758,0.052560207039432,0
2022-06-24,26.32,27.14,25.39,26.72,361766.1,1656115199999,9524721.8607,38398,171111.36,4505650.5802,0,0.014426727410782103,0.0524320335786913,25.738571428571426,26.48166666666667,1.5504776529773112,1.586707898140892,0.0660314612115031,0.0524320335786913,0
2022-06-25,26.72,28.06,26.18,27.9,698931.18,1656201599999,18961763.2259,51271,339827.44,9214334.3676,0,0.04416167664670656,0.0522271226053332,26.46857142857143,26.49366666666667,1.0544576579369995,1.5963200857258086,0.0563272706098191,0.0522271226053332,0
2022-06-26,27.91,28.99,27.12,27.18,494321.52,1656287999999,13861867.1055,44144,240184.9,6738983.0636,0,-0.02580645161290318,0.0518799958947851,26.77142857142857,26.519,0.8709463927525216,1.6011339731576804,0.0503865877937846,0.0518799958947851,0
2022-06-27,27.17,28.07,26.58,27.16,389887.31,1656374399999,10644920.3472,38176,181543.42,4962833.9284,0,-0.0007358351729211954,0.051685651154991,26.83857142857143,26.520666666666664,0.8816731928830693,1.6017962618159387,0.0448430603405023,0.051685651154991,0
2022-06-28,27.18,27.8,25.55,25.63,417840.02,1656460799999,11210442.2027,25449,179624.17,4829177.7135,0,-0.056332842415316664,0.0527342985260349,26.58714285714285,26.465666666666667,0.9467613970046326,1.6031513864310476,0.0485372481236827,0.0527342985260349,1
2022-06-29,25.63,25.87,24.61,24.87,476411.13,1656547199999,12034176.4272,28392,188294.71,4756261.3904,0,-0.029652750682793494,0.0512976354186923,26.542857142857144,26.32266666666667,1.0273706615392026,1.5448020369396949,0.038710488605151,0.0512976354186923,0
2022-06-30,24.87,24.95,23.06,24.59,616923.96,1656633599999,14656003.1307,32227,309244.43,7332924.2011,0,-0.011258544431041462,0.0513109691391186,26.292857142857144,26.177666666666664,1.2693793008887633,1.493975680301734,0.0326523954641363,0.0513109691391186,0
2022-07-01,24.59,25.55,24.02,24.59,667121.21,1656719999999,16506921.4546,37721,289529.11,7167911.4831,0,0.0,0.0497409105793701,25.98857142857143,26.101,1.3986353893642205,1.5150266869163265,0.0313328076952028,0.0497409105793701,0
2022-07-02,24.6,24.8,24.05,24.62,260804.11,1656806399999,6375585.013,14282,95606.91,2336744.237,0,0.001220008133387518,0.0496978641998968,25.520000000000003,26.016666666666666,1.1845955709303255,1.5250038628176943,0.0212185343584833,0.0496978641998968,0
2022-07-03,24.63,24.67,23.74,24.39,358775.17,1656892799999,8686412.5769,18822,113964.03,2756531.2721,0,-0.009341998375304694,0.0491041555985238,25.12142857142857,25.964,0.9856373330906516,1.553684386358274,0.0210574611650427,0.0491041555985238,0
2022-07-04,24.38,26.05,23.96,25.91,385945.6,1656979199999,9620747.4085,22362,200324.66,4990528.3182,0,0.062320623206232106,0.0504441372022285,24.942857142857143,25.96133333333333,0.5876142239527439,1.5537068763029138,0.0362568356810568,0.0504441372022285,1
2022-07-05,25.92,26.23,24.41,25.16,526021.95,1657065599999,13255998.6807,27244,224668.73,5656833.4748,0,-0.028946352759552263,0.0507332572552041,24.875714285714285,25.929,0.518840281875214,1.5601554962289772,0.0310417030365113,0.0507332572552041,0
2022-07-06,25.16,26.51,24.78,26.28,429252.97,1657151999999,10991264.8093,24624,185570.11,4761460.5836,0,0.044515103338632844,0.05064119138424,25.077142857142857,25.892666666666667,0.7419729169753518,1.5379743357647282,0.0327358656740701,0.05064119138424,0
2022-07-07,26.29,27.76,25.95,27.43,517004.29,1657238399999,13882305.7766,30271,237753.65,6386718.3901,0,0.04375951293759517,0.0512153637401795,25.482857142857146,25.905,1.1142667886065512,1.5491015193463182,0.0338275243448187,0.0512153637401795,0
2022-07-08,27.45,28.28,26.83,27.36,412968.85,1657324799999,11337325.5186,39900,194093.0,5329960.8706,0,-0.0025519504192490494,0.0507473355018647,25.87857142857143,25.880333333333333,1.2301683972998747,1.518534873132399,0.0340444959772067,0.0507473355018647,0
2022-07-09,27.36,27.68,27.06,27.13,208897.41,1657411199999,5720197.991,27667,98882.8,2708452.9578,0,-0.008406432748538029,0.0506875699025728,26.237142857142857,25.83333333333333,1.1663292028946397,1.453818594511302,0.0349173652593691,0.0506875699025728,0
2022-07-10,27.12,27.14,25.6,25.88,218208.96,1657497599999,5734121.6425,28107,77350.13,2030654.1335,0,-0.04607445632141538,0.0510337026153547,26.45,25.776,0.8718180238258958,1.4151461481731649,0.0412751235882098,0.0510337026153547,0
2022-07-11,25.89,25.96,24.82,24.98,273338.72,1657583999999,6948492.5153,33215,114579.8,2912432.7199,0,-0.03477588871715609,0.0514056571805843,26.31714285714286,25.693,1.025194522773527,1.3850660385101397,0.0364990131085624,0.0514056571805843,0
2022-07-12,24.98,25.1,23.82,23.87,271978.24,1657670399999,6676143.6624,33090,114493.63,2811678.8149,0,-0.04443554843875097,0.0518679825916542,26.132857142857144,25.558666666666667,1.3365342530308937,1.3588147302940363,0.0386257232606395,0.0518679825916542,0
2022-07-13,23.87,25.03,23.25,25.0,344764.36,1657756799999,8315694.5926,35221,144744.32,3498587.4489,0,0.0473397570171763,0.0476527480200122,25.95,25.575,1.3991425945917908,1.348681987515205,0.0392613273804435,0.0476527480200122,0
2022-07-14,24.99,26.25,24.43,25.89,476755.57,1657843199999,12070410.0977,29921,234188.66,5926951.7878,0,0.035600000000000076,0.0478144051860701,25.73,25.639333333333333,1.2396235987862307,1.314589049024744,0.037608551386645,0.0478144051860701,0
2022-07-15,25.89,27.42,25.67,26.78,362163.98,1657929599999,9605560.3419,27919,202671.43,5379070.3659,0,0.03437620702974131,0.0466930467886606,25.647142857142857,25.68,1.1267610555000296,1.3308203329602306,0.040884447053656,0.0466930467886606,0
2022-07-16,26.78,28.46,26.34,28.01,368610.54,1658015999999,10098924.6734,32117,190104.49,5203073.3807,0,0.045929798356982854,0.0439690320305372,25.77285714285714,25.83766666666667,1.347290049021196,1.3167951777818665,0.0445356940595297,0.0439690320305372,0
2022-07-17,28.0,28.79,27.41,27.61,286314.81,1658102399999,8034222.4687,26793,158629.0,4452506.0387,0,-0.014280614066404906,0.0435069679577351,26.02,25.94633333333333,1.518068948807788,1.3242863617117655,0.0397752352422498,0.0435069679577351,0
2022-07-18,27.62,30.11,27.61,29.86,508074.21,1658188799999,14800665.2528,47015,265964.64,7739975.7251,0,0.08149221296631648,0.0436427982152894,26.717142857142857,26.182,2.003710843125364,1.371463854225831,0.0421814972833559,0.0436427982152894,1
2022-07-19,29.85,30.34,27.95,29.12,655552.14,1658275199999,18962760.0693,59982,294255.01,8515270.97,0,-0.024782317481580662,0.0406376613905035,27.467142857142857,26.31733333333333,1.7233273464023375,1.4547186796014226,0.0370035758317213,0.0406376613905035,0
2022-07-20,29.14,30.25,28.36,28.77,526160.96,1658361599999,15479725.0125,45920,253317.23,7457194.6015,0,-0.012019230769230838,0.0391738010240291,28.005714285714287,26.386666666666663,1.3783668735486174,1.5211437016006208,0.0389526008717479,0.0391738010240291,0
2022-07-21,28.77,29.72,27.73,29.48,307460.02,1658447999999,8822524.8643,29190,136125.89,3917868.7225,0,0.024678484532499212,0.0391434820799904,28.518571428571427,26.45633333333333,1.099657955479132,1.6137223692621885,0.0384816575496294,0.0391434820799904,0
2022-07-22,29.48,30.54,28.63,28.91,499035.65,1658534399999,14816302.8457,41057,249753.65,7432427.204,0,-0.01933514246947088,0.0360939434692198,28.822857142857146,26.58066666666667,0.7892974573577357,1.655154817914043,0.0402964022471309,0.0360939434692198,0
2022-07-23,28.91,29.72,27.7,28.5,320041.47,1658620799999,9202408.706,29108,139131.36,4005441.8624,0,-0.014181943964026278,0.0354135544933034,28.892857142857142,26.652666666666665,0.7242401601159087,1.6909188143672986,0.0381249467869008,0.0354135544933034,0
2022-07-24,28.5,29.76,28.34,29.12,288432.75,1658707199999,8403159.581,25837,153526.64,4472363.3197,0,0.021754385964912304,0.0355185579858493,29.108571428571427,26.732666666666663,0.4522694098084858,1.749957503589021,0.0378214891957892,0.0355185579858493,0
2022-07-25,29.11,29.28,26.93,27.01,417278.45,1658793599999,11613169.4681,32549,173528.09,4838990.0714,0,-0.07245879120879117,0.0372514761569793,28.70142857142857,26.703,0.8068752190075819,1.7369814284437015,0.0325067139662413,0.0372514761569793,1
2022-07-26,27.01,27.1,25.92,27.07,316442.2,1658879999999,8398324.0022,25481,148080.01,3936674.108,0,0.002221399481673325,0.036942840748318,28.40857142857143,26.699333333333332,0.982538015743859,1.7360556429452372,0.0325833553740989,0.036942840748318,0
2022-07-27,27.05,29.45,26.68,29.43,414366.35,1658966399999,11524979.9863,35346,220689.99,6165698.5956,0,0.08718138160325073,0.0401845677340661,28.502857142857145,26.775,1.0521995103233666,1.804929552546269,0.0489654439610702,0.0401845677340661,1
2022-07-28,29.43,30.74,28.57,30.24,397152.7,1659052799999,11791915.0951,39756,188755.31,5598247.658,0,0.02752293577981657,0.0387743283832564,28.61142857142857,26.928666666666665,1.19882482139046,1.8979312391405143,0.0491744339346402,0.0387743283832564,0
2022-07-29,30.25,31.57,29.58,31.09,550453.16,1659139199999,16851090.6938,47847,289224.16,8854287.8618,0,0.028108465608465583,0.0383621256896438,28.922857142857143,27.136000000000003,1.5274348244223197,2.0021636572329773,0.0485800287000966,0.0383621256896438,0
2022-07-30,31.1,32.44,30.76,31.11,468100.12,1659225599999,14760086.325,41007,229300.42,7227593.8755,0,0.0006432936635574205,0.038215510809876,29.295714285714286,27.35333333333333,1.7141553521864497,2.0690216467481304,0.0475894148255385,0.038215510809876,0
2022-07-31,31.11,31.71,30.27,30.39,252130.07,1659311999999,7839568.87,23545,125738.52,3913816.2989,0,-0.02314368370298936,0.0386258576134293,29.47714285714286,27.546666666666667,1.759078492523291,2.072884602362694,0.0492971111145133,0.0386258576134293,0
2022-08-01,30.37,30.93,29.81,30.75,281800.69,1659398399999,8583674.3005,24480,138356.84,4214014.1371,0,0.011846001974333609,0.0386121785642298,30.01142857142857,27.751,1.4201693393330952,2.076569369134411,0.0347605937520574,0.0386121785642298,0
2022-08-02,30.74,31.01,28.81,29.4,454715.97,1659484799999,13451721.1697,38466,172313.55,5093358.6619,0,-0.04390243902439028,0.0396536336322064,30.34428571428571,27.918,0.7126910771360929,1.996879289429239,0.0421094930551599,0.0396536336322064,0
2022-08-03,29.41,30.0,28.73,29.1,260228.96,1659571199999,7636983.7355,25204,116517.44,3423678.5494,0,-0.010204081632652962,0.0383541416093237,30.29714285714286,28.02433333333333,0.7899728747608851,1.9710327825494824,0.0265945173186271,0.0383541416093237,0
2022-08-04,29.07,29.66,28.75,29.14,218343.31,1659657599999,6384368.9793,19900,97663.55,2855462.9565,0,0.0013745704467353903,0.0378361425080163,30.14,28.157,0.9043598104004332,1.90440894985178,0.0235304931410276,0.0378361425080163,0
2022-08-05,29.16,30.79,29.07,30.76,381310.48,1659743999999,11488249.0585,29788,197339.08,5940893.8445,0,0.055593685655456415,0.0382805808594798,30.092857142857145,28.30633333333333,0.8537703494058886,1.927656220840953,0.0310692543244448,0.0382805808594798,1
2022-08-06,30.77,30.9,30.34,30.39,181281.62,1659830399999,5567005.0316,26009,101078.12,3104679.3974,0,-0.012028608582574818,0.0377322623565863,29.99,28.405000000000005,0.7475738536542824,1.9567879204239125,0.0313180239875996,0.0377322623565863,0
2022-08-07,30.39,31.04,30.09,30.67,157730.41,1659916799999,4810761.0168,27370,76848.2,2345403.0654,0,0.009213557091148461,0.0377218526940892,30.03,28.51533333333333,0.7793587107364915,1.9888876345807485,0.0302042890017566,0.0377218526940892,0
2022-08-08,30.67,32.15,30.37,31.49,258782.1,1660003199999,8115627.4809,38707,135891.98,4257193.6835,0,0.026736224323443025,0.0378528331243368,30.135714285714283,28.660666666666668,0.9291009479219212,2.042736388774305,0.0315331112495269,0.0378528331243368,0
2022-08-09,31.49,31.6,29.4,29.88,410344.03,1660089599999,12466049.4899,38661,153659.41,4677090.1403,0,-0.05112734201333757,0.0381014224330071,30.204285714285717,28.794,0.8822859918583142,1.9846976665441785,0.0334176434941506,0.0381014224330071,1
2022-08-10,29.88,31.63,29.17,31.37,359074.16,1660175999999,10955076.0852,28115,188462.12,5764379.654,0,0.04986613119143257,0.0381501514925464,30.52857142857143,29.007,0.8240030050805507,1.9024469723906428,0.0370400203187139,0.0381501514925464,0
2022-08-11,31.37,32.64,30.35,30.52,613828.15,1660262399999,19385890.2944,56872,317636.84,10045882.3211,0,-0.027095951546063146,0.037448231831676,30.72571428571429,29.228666666666665,0.5588338197497144,1.6545251080999153,0.0397827737577851,0.037448231831676,0
2022-08-12,30.53,31.25,29.89,31.22,216251.53,1660348799999,6605566.5073,19556,102831.62,3144382.7338,0,0.022935779816513735,0.0368445642363381,30.79142857142857,29.436,0.5897295586807292,1.487654019844105,0.0347763993930609,0.0368445642363381,0
2022-08-13,31.21,31.9,31.08,31.33,295767.64,1660435199999,9305078.8836,23028,162775.11,5122176.6876,0,0.003523382447149226,0.0364821616562973,30.925714285714285,29.61733333333333,0.5901089487792748,1.3671892468789075,0.0341744544406911,0.0364821616562973,0
2022-08-14,31.34,32.0,30.62,30.84,240766.89,1660521599999,7541943.9056,18212,112236.78,3519111.5532,0,-0.01563996169805293,0.0363311773655997,30.95,29.752666666666663,0.5812629926870237,1.2744435792852176,0.0349300209520688,0.0363311773655997,0
2022-08-15,30.85,31.9,30.19,30.85,238722.3,1660607999999,7352228.7278,19916,110331.75,3402569.9311,0,0.0003242542153047978,0.0355196156722817,30.858571428571427,29.84733333333333,0.5302649831751715,1.245687549614299,0.0331050707267156,0.0355196156722817,0
2022-08-16,30.84,31.15,30.34,30.67,210537.59,1660694399999,6474564.1982,19701,107934.21,3320979.9735,0,-0.005834683954619169,0.0354044274876224,30.97142857142857,29.949333333333332,0.3356301819688239,1.1797046191761127,0.0255780193238388,0.0354044274876224,0
2022-08-17,30.67,31.5,29.97,30.11,242661.53,1660780799999,7404532.1384,21478,117796.18,3597152.8188,0,-0.018258884903814887,0.0324468596071561,30.791428571428572,29.957666666666668,0.4147862329543196,1.1799347829239262,0.0166117457007136,0.0324468596071561,0
2022-08-18,30.11,30.55,29.81,29.95,128341.65,1660867199999,3879219.1084,12925,59876.28,1811261.9182,0,-0.005313849219528377,0.0321108463977373,30.71,29.985333333333337,0.519647316296499,1.1692990335601787,0.0137306954003645,0.0321108463977373,0
2022-08-19,29.94,29.94,26.35,26.41,526268.65,1660953599999,14568453.4705,39401,236044.96,6527267.1409,0,-0.1181969949916527,0.0387994820324149,30.02285714285714,29.90666666666667,1.660569322910468,1.3231475882264965,0.0428051936882854,0.0387994820324149,1
2022-08-20,26.41,27.25,26.09,26.69,254771.54,1661039999999,6830893.3879,21790,127586.79,3420328.315,0,0.010602044680045442,0.0385486964754844,29.360000000000003,29.81366666666667,1.9522892545251125,1.446473674822231,0.0436060287593812,0.0385486964754844,0
2022-08-21,26.69,27.94,26.69,27.72,207233.71,1661126399999,5659714.5451,18597,109137.46,2981994.6814,0,0.0385912326714124,0.0391267002613217,28.914285714285715,29.774,1.9138604716025704,1.4878348072930712,0.049317939609971,0.0391267002613217,0
2022-08-22,27.71,27.78,26.51,27.72,255171.14,1661212799999,6931694.8203,22505,112294.71,3054801.9969,0,0.0,0.0390430898212827,28.467142857142857,29.748,1.7443691723728492,1.5173875008006077,0.0493023793818019,0.0390430898212827,0
2022-08-23,27.73,28.01,26.91,27.78,208344.06,1661299199999,5750391.8818,22201,105462.84,2913694.0876,0,0.0021645021645022577,0.0388269437174847,28.054285714285715,29.703333333333333,1.4539240826453717,1.5557487017472365,0.0496164708314178,0.0388269437174847,0
2022-08-24,27.79,28.08,27.2,27.55,152837.85,1661385599999,4219831.2059,15929,75871.91,2096078.3087,0,-0.008279337652987828,0.03643856886954,27.68857142857143,29.72133333333333,1.1383823108759414,1.5263585996456894,0.0495807250919941,0.03643856886954,0
2022-08-25,27.56,28.3,27.53,27.94,160129.37,1661471999999,4475280.6912,13422,91231.04,2551909.7619,0,0.014156079854809489,0.0365138873369734,27.40142857142857,29.750333333333334,0.5982593799642942,1.4818638853526158,0.0505221497983436,0.0365138873369734,0
2022-08-26,27.93,28.16,25.71,25.97,360543.16,1661558399999,9740547.8325,31558,162287.61,4385549.7343,0,-0.07050823192555489,0.0351089489123947,27.33857142857143,29.635,0.7286843983384929,1.6344454928094798,0.0337183289935087,0.0351089489123947,1
2022-08-27,25.95,26.09,25.45,25.8,195509.1,1661644799999,5041748.508,14762,99074.44,2556485.0538,0,-0.006546014632267894,0.0346169438694132,27.211428571428574,29.487,0.9146297715735056,1.7729289034113658,0.0332790209333764,0.0346169438694132,0
2022-08-28,25.8,26.09,25.14,25.35,139284.65,1661731199999,3583288.0038,12940,67723.79,1743824.5053,0,-0.0174418604651162,0.0341246544529057,26.872857142857143,29.295666666666666,1.1122906437579492,1.8992007090702747,0.0274600590578693,0.0341246544529057,0
2022-08-29,25.37,27.43,25.26,27.34,315564.53,1661817599999,8333646.2617,25505,174785.53,4611747.8118,0,0.07850098619329371,0.0374604994494812,26.81857142857143,29.17,1.072620289625031,1.8997368238784285,0.0442445359512681,0.0374604994494812,1
2022-08-30,27.34,27.73,26.01,26.6,317416.5,1661903999999,8562037.2813,29969,157757.03,4261588.6047,0,-0.027066569129480578,0.0375378284725535,26.65,29.04366666666667,0.9855286229570768,1.941370797841654,0.0452491143979726,0.0375378284725535,0
2022-08-31,26.61,27.79,26.48,26.73,313771.43,1661990399999,8537851.6726,26901,147158.79,4004944.0334,0,0.004887218045112718,0.037459654107565,26.532857142857143,28.90966666666667,0.9062691705695496,1.958196713258345,0.0453786866061003,0.037459654107565,0
2022-09-01,26.72,26.99,26.1,26.91,164894.69,1662076799999,4374960.1128,15211,79506.05,2110033.8996,0,0.006734006734006703,0.0367318480720014,26.385714285714283,28.826666666666668,0.6998299113091115,1.9892215308633348,0.0449842576631552,0.0367318480720014,0
2022-09-02,26.91,27.18,26.05,26.31,249472.09,1662163199999,6672308.6342,19592,108944.43,2913048.7764,0,-0.022296544035674493,0.036887843682864,26.434285714285718,28.733666666666668,0.6776148646265938,2.0405585498588352,0.0359820752536313,0.036887843682864,0
2022-09-03,26.3,26.41,25.94,26.2,84306.95,1662249599999,2206611.3294,7539,41223.54,1079496.9597,0,-0.004180919802356464,0.0368807258437978,26.49142857142857,28.63566666666667,0.630434468480769,2.0903615977134424,0.0358951159973422,0.0368807258437978,0
2022-09-04,26.2,26.48,25.87,26.4,108169.26,1662335999999,2832006.4076,9850,52291.69,1369406.3377,0,0.007633587786259444,0.0352632772892257,26.64142857142857,28.490333333333336,0.3942684606313641,2.0891385509480127,0.0347799830841726,0.0352632772892257,0
2022-09-05,26.41,26.69,25.92,26.62,100201.68,1662422399999,2630554.5977,8863,49417.79,1297607.5984,0,0.008333333333333526,0.0353086037741633,26.538571428571423,28.364666666666665,0.2486918154033792,2.08431040995749,0.0149884342862227,0.0353086037741633,0
2022-09-06,26.62,27.15,25.34,25.64,265516.59,1662508799999,7004531.8014,21933,119702.9,3161123.7665,0,-0.03681442524417733,0.0357218574663765,26.40142857142857,28.197,0.4169503796000571,2.094755602566191,0.0177236073442712,0.0357218574663765,0
2022-09-07,25.67,26.45,25.03,25.99,441479.97,1662595199999,11292455.0738,34431,225670.31,5770616.1093,0,0.013650546021840793,0.0353953255326571,26.295714285714286,28.013666666666666,0.4135560076091107,2.036483587534782,0.0188221258208457,0.0353953255326571,0
2022-09-08,26.01,26.27,25.57,26.05,236625.51,1662681599999,6136901.1018,19293,96712.3,2509822.4987,0,0.002308580223162826,0.0343628747763069,26.172857142857143,27.886,0.3171600166973993,2.0354997691831147,0.01847861729134,0.0343628747763069,0
2022-09-09,26.05,27.9,26.01,27.21,350136.3,1662767999999,9541980.7732,30949,186106.16,5072524.2199,0,0.04452975047984653,0.0340872599486265,26.301428571428573,27.747333333333334,0.5073929631445772,1.9288766309619048,0.0241365176804636,0.0340872599486265,0
2022-09-10,27.21,27.86,27.03,27.69,247685.9,1662854399999,6781301.5303,33020,137283.08,3758622.0159,0,0.01764057331863289,0.0340274701571769,26.514285714285712,27.653,0.7240363053256244,1.856442927974698,0.0241523896785466,0.0340274701571769,0
2022-09-11,27.69,27.99,27.27,27.89,296685.84,1662940799999,8185061.316,33638,162839.37,4493870.3971,0,0.007222824124232474,0.0337395828194903,26.72714285714286,27.542,0.885789935325985,1.731135565121134,0.0241544462926443,0.0337395828194903,0
2022-09-12,27.87,28.6,27.46,28.46,559408.96,1663027199999,15722560.4994,63334,317877.43,8939392.5025,0,0.020437432771602815,0.0339959091831871,26.99,27.44633333333333,1.096616006935729,1.5879643949219742,0.0246010147694754,0.0339959091831871,0
2022-09-13,28.46,29.23,25.82,25.89,821422.44,1663113599999,22758722.3204,81398,381599.73,10604422.5046,0,-0.09030217849613498,0.0375308876409012,27.025714285714287,27.281333333333336,1.0483297372946323,1.4764326375873067,0.0429647734047103,0.0375308876409012,1
2022-09-14,25.88,26.21,24.76,25.5,445592.24,1663199999999,11424075.4728,48287,186095.92,4771574.9548,0,-0.015063731170336103,0.0375591885895869,26.95571428571429,27.103,1.1412545311029,1.3480436655159227,0.0430613572324737,0.0375591885895869,0
2022-09-15,25.49,25.6,23.9,24.08,703980.06,1663286399999,17361744.5791,56860,269877.6,6658578.9157,0,-0.05568627450980401,0.0386556247896667,26.674285714285716,26.883333333333333,1.5657677258870732,1.2820628133874463,0.0474722053778596,0.0386556247896667,1
2022-09-16,24.1,24.38,23.55,24.08,247195.2,1663372799999,5945326.4402,22922,122389.06,2943602.319,0,0.0,0.0386206174415472,26.22714285714286,26.682333333333336,1.814457809610949,1.2303929378897056,0.041531824291841,0.0386206174415472,0
2022-09-17,24.07,24.68,24.01,24.62,164535.94,1663459199999,4004196.6153,15547,88815.01,2162791.8903,0,0.022425249169435224,0.0389847158959361,25.788571428571423,26.504666666666665,1.7724787593598923,1.122355077299467,0.0422216848269937,0.0389847158959361,0
2022-09-18,24.62,24.62,23.3,23.45,260220.22,1663545599999,6241565.3353,21699,116755.72,2795760.6077,0,-0.04752233956133234,0.0337377542504425,25.15428571428572,26.406,1.6875411811556738,1.253419048181608,0.0423052350265055,0.0337377542504425,0
2022-09-19,23.45,24.4,22.43,24.19,638838.47,1663631999999,14952837.148,48093,341367.46,7994552.4503,0,0.03155650319829428,0.0342505758052764,24.544285714285717,26.322666666666667,0.8645009570630742,1.3154570028839565,0.0443946429226581,0.0342505758052764,0
2022-09-20,24.19,24.31,23.24,23.34,328076.94,1663718399999,7783814.5161,25229,130538.46,3096737.7068,0,-0.03513848697809019,0.0338283486415323,24.18,26.17666666666667,0.7296802952899377,1.3956418207956076,0.0339297359648414,0.0338283486415323,0
2022-09-21,23.35,24.31,22.37,22.71,428633.07,1663804799999,10046426.8421,38389,200989.44,4708432.9434,0,-0.02699228791773778,0.0340447659943575,23.78142857142857,26.009666666666664,0.6456373742657006,1.500412548631744,0.0342778650061974,0.0340447659943575,0
2022-09-22,22.7,23.85,22.62,23.73,317741.0,1663891199999,7367302.1034,26433,126461.81,2934273.3059,0,0.044914134742404244,0.0352731871961711,23.731428571428573,25.874666666666663,0.6320714245363231,1.5177336401024053,0.0358727442758575,0.0352731871961711,0
2022-09-23,23.73,24.03,22.88,23.88,426973.66,1663977599999,10012355.2924,30114,182906.32,4292157.9354,0,0.006321112515802696,0.0353217945392554,23.70285714285714,25.752333333333333,0.6180537809863867,1.5259246678501748,0.0359972197697818,0.0353217945392554,0
2022-09-24,23.88,24.14,23.55,23.68,172969.2,1664063999999,4130110.3741,17039,76341.07,1823872.1623,0,-0.008375209380234505,0.0351584356216452,23.56857142857143,25.610333333333337,0.4699442722799331,1.5134875991045706,0.0345627180928609,0.0351584356216452,0
2022-09-25,23.68,23.96,23.28,23.5,142175.7,1664150399999,3364030.0537,13776,58437.79,1383598.0214,0,-0.007601351351351315,0.0329145319881979,23.575714285714287,25.528,0.4682185082092206,1.5597245557004,0.0292721015802472,0.0329145319881979,0
2022-09-26,23.5,24.23,23.21,24.21,327917.95,1664236799999,7802012.4498,27459,157565.53,3751181.5433,0,0.03021276595744693,0.0334500296981082,23.57857142857143,25.475,0.4726319417708127,1.5770810006966214,0.0290392677672476,0.0334500296981082,0
2022-09-27,24.21,25.14,23.35,23.63,426151.81,1664323199999,10398448.4895,34778,167717.29,4093498.9679,0,-0.02395704254440323,0.0335775206825287,23.62,25.417666666666666,0.4607964120242566,1.612645467019483,0.026988787568048,0.0335775206825287,0
2022-09-28,23.64,24.35,22.84,24.09,330757.11,1664409599999,7792234.7041,26085,148881.15,3511991.6952,0,0.019466779517562482,0.030277527519051,23.81714285714286,25.30933333333333,0.2564965422604467,1.5880305159347108,0.0242199078530236,0.030277527519051,0
2022-09-29,24.09,24.34,23.52,24.3,315888.69,1664495999999,7587177.324,26045,129172.17,3104383.7169,0,0.008717310087173136,0.0300314501595648,23.898571428571422,25.232666666666667,0.3092694925929581,1.5790654882213042,0.0183567750738078,0.0300314501595648,0
2022-09-30,24.32,24.97,23.95,24.25,347767.14,1664582399999,8467806.8324,28799,152112.7,3704427.6933,0,-0.002057613168724326,0.0299987765351799,23.95142857142857,25.15,0.3360272097842242,1.56280693537014,0.0184183209319676,0.0299987765351799,0
2022-10-01,24.25,24.51,23.95,24.28,225895.33,1664668799999,5466439.1049,15473,109535.15,2651573.1789,0,0.0012371134020618957,0.0299553158951992,24.037142857142857,25.06233333333333,0.3317486139507231,1.5341777160314396,0.017835068321459,0.0299553158951992,0
2022-10-02,24.28,24.38,23.86,24.04,144927.8,1664755199999,3498654.5344,13679,62259.11,1503147.434,0,-0.009884678747940745,0.029764421163384,24.11428571428572,24.986666666666668,0.2345816945749445,1.526479685382247,0.018095547724449,0.029764421163384,0
2022-10-03,24.04,24.86,23.88,24.75,418398.04,1664841599999,10170764.9758,28571,209016.61,5087664.4797,0,0.029534109816971688,0.0303324091902262,24.191428571428567,24.938333333333333,0.3375119045535508,1.509599360719487,0.0179289425767896,0.0303324091902262,0
2022-10-04,24.75,25.29,24.6,25.11,241309.67,1664927999999,6014227.9694,29406,104543.47,2605921.1527,0,0.014545454545454417,0.0304298138242471,24.40285714285714,24.895333333333333,0.3871138629114404,1.484696029108383,0.0135456178137427,0.0304298138242471,0
2022-10-05,25.11,25.16,24.39,24.76,176582.73,1665014399999,4376696.8679,26329,67101.49,1663749.1545,0,-0.013938669852648244,0.0304605908029445,24.498571428571427,24.83333333333333,0.3796238740060465,1.4485886908994987,0.0149686085111566,0.0304605908029445,0
2022-10-06,24.76,25.17,24.34,24.5,201466.26,1665100799999,5003265.9072,27486,91587.48,2275353.7636,0,-0.010500807754442731,0.0297937092350549,24.527142857142856,24.795333333333332,0.3695814878907608,1.441633970793818,0.0157080330394183,0.0297937092350549,0
2022-10-07,24.51,26.83,24.2,24.48,867209.54,1665187199999,21779648.4197,77340,428442.44,10763983.2036,0,-0.0008163265306122547,0.0296639153890207,24.56,24.745,0.3505709628606905,1.4247461963934331,0.0156710854799673,0.0296639153890207,0
2022-10-08,24.48,24.6,23.94,24.12,111500.31,1665273599999,2713281.8814,8724,34329.82,835662.7556,0,-0.014705882352941124,0.0297499487542627,24.53714285714286,24.680666666666664,0.3761521981745529,1.4072544394923354,0.0168239549158112,0.0297499487542627,0
2022-10-09,24.12,24.24,23.95,24.14,104228.23,1665359999999,2512382.8549,8432,39881.5,962114.4457,0,0.0008291873963515162,0.0284271816464867,24.551428571428573,24.578333333333333,0.3554541025908835,1.3262757900466966,0.0163427255992241,0.0284271816464867,0
2022-10-10,24.14,24.29,23.52,23.56,282752.7,1665446399999,6751969.2788,16810,92316.99,2203505.5126,0,-0.02402651201325612,0.0283723286311423,24.38142857142857,24.44066666666667,0.499880938206315,1.2005341722958969,0.0127371032734432,0.0283723286311423,0
2022-10-11,23.56,23.61,23.1,23.25,373488.7,1665532799999,8722580.8239,27837,170288.52,3978799.3389,0,-0.013157894736842035,0.0283142133527153,24.115714285714287,24.286,0.5407358302316523,1.0272044419281192,0.0085686957629681,0.0283142133527153,0
2022-10-12,23.26,23.46,23.2,23.36,72790.86,1665619199999,1697644.9972,8858,29631.96,691216.5524,0,0.004731182795698841,0.0279581621135782,23.91571428571429,24.116,0.521275907202366,0.6738341144471084,0.0102138064431707,0.0279581621135782,0
2022-10-13,23.35,23.59,22.1,23.44,301442.35,1665705599999,6885013.7092,28767,130334.45,2975398.5108,0,0.0034246575342467,0.0230366785686799,23.76428571428572,24.034333333333333,0.4751791642068473,0.5953074159960083,0.0110230840788818,0.0230366785686799,0
2022-10-14,23.43,24.15,23.32,23.45,190782.26,1665791999999,4544491.7591,18807,89141.75,2125126.5622,0,0.00042662116040936837,0.0229314848126865,23.617142857142856,23.966,0.3627999580001232,0.5359657734822646,0.011134570533345,0.0229314848126865,0
2022-10-15,23.44,23.57,23.14,23.27,134332.98,1665878399999,3142638.5962,9055,62574.31,1463997.6947,0,-0.007675906183368886,0.0206566145642003,23.49571428571429,23.939000000000004,0.3039110145470013,0.5502372529031211,0.0105260750746436,0.0206566145642003,0
2022-10-16,23.28,23.93,23.28,23.72,83976.96,1665964799999,1978768.6718,9114,37319.22,879376.885,0,0.01933820369574546,0.0209858622176759,23.435714285714287,23.927,0.1654143426761654,0.5509812563301957,0.0140035139144649,0.0209858622176759,0
2022-10-17,23.73,24.29,23.07,24.13,401396.75,1666051199999,9553427.5181,36959,190800.86,4538588.2491,0,0.01728499156829688,0.0208142963854231,23.517142857142854,23.910666666666664,0.3120744721882245,0.5368100757911302,0.0119319307192756,0.0208142963854231,0
2022-10-18,24.14,24.22,23.31,23.59,236000.76,1666137599999,5624760.3699,19109,106535.46,2538543.8419,0,-0.02237878159966844,0.019305463961434,23.56571428571429,23.915333333333333,0.2891860498531249,0.5332640759626118,0.0143408955429113,0.019305463961434,0
2022-10-19,23.58,23.65,22.51,22.58,211766.03,1666223999999,4873794.609,16802,77568.75,1782358.7084,0,-0.042814752013565105,0.019928697231255,23.454285714285717,23.861666666666668,0.4733165657671983,0.583332183906583,0.0220890644746512,0.019928697231255,0
2022-10-20,22.58,22.8,22.26,22.41,140180.44,1666310399999,3155679.5069,12859,56796.1,1278876.6503,0,-0.0075287865367581475,0.0189646017671526,23.307142857142853,23.830666666666666,0.6168391007317543,0.6344801474206098,0.0218097585824148,0.0189646017671526,0
2022-10-21,22.42,22.57,21.95,22.45,117946.45,1666396799999,2634170.455,12325,51193.73,1144566.9578,0,0.0017849174475679241,0.0183312388010882,23.164285714285715,23.822000000000003,0.6897307963471359,0.651853590500114,0.021884380376902,0.0183312388010882,0
2022-10-22,22.45,22.66,22.33,22.59,73937.15,1666483199999,1664530.6589,6551,33087.85,745099.6839,0,0.006236080178173786,0.0162942621372429,23.06714285714285,23.784,0.7195997564791772,0.6895405766857858,0.0223337609704059,0.0162942621372429,0
2022-10-23,22.59,23.28,22.37,23.16,152077.84,1666569599999,3462503.9238,11603,68972.31,1572189.3167,0,0.025232403718459473,0.0169599248332574,22.987142857142857,23.76,0.6638954306652696,0.6985551591280691,0.0234443007851993,0.0169599248332574,0
2022-10-24,23.16,23.22,22.56,22.8,113613.06,1666655999999,2595284.8855,10431,46656.3,1066310.6212,0,-0.015544041450777146,0.0171189212976285,22.797142857142852,23.730666666666664,0.4321926378266478,0.7201720739459203,0.0219036335973048,0.0171189212976285,0
2022-10-25,22.79,24.45,22.67,23.85,327325.69,1666742399999,7704668.9464,28799,154587.97,3637847.6944,0,0.046052631578947345,0.0191057961139258,22.83428571428571,23.74233333333333,0.5149387388447146,0.7191406909172554,0.0285927567017055,0.0191057961139258,0
2022-10-26,23.85,24.97,23.8,24.65,309754.24,1666828799999,7580746.2529,26931,140490.14,3435819.5796,0,0.03354297693920327,0.0192921345546857,23.13,23.757,0.8377549363235132,0.733353892083554,0.0226260549000324,0.0192921345546857,0
2022-10-27,24.65,24.99,24.14,24.26,294094.63,1666915199999,7225943.5232,24335,133432.92,3279872.3368,0,-0.015821501014198658,0.0189871927883294,23.39428571428572,23.778,0.8641538663704431,0.7385932574831794,0.0240421650343102,0.0189871927883294,0
2022-10-28,24.25,25.0,23.98,24.77,182871.78,1667001599999,4482354.6504,19198,83524.81,2049463.5438,0,0.021022258862324783,0.0190412624077647,23.72571428571428,23.800666666666665,0.8862440811817307,0.7586600407764196,0.0238263557419405,0.0190412624077647,0
2022-10-29,24.77,25.8,24.71,25.43,211703.12,1667087999999,5364790.5046,23407,96657.19,2447393.4169,0,0.026645135244247165,0.0195626600628086,24.13142857142857,23.83833333333333,0.928716472189096,0.8105812445539328,0.023911024918549,0.0195626600628086,0
2022-10-30,25.44,26.0,25.28,25.64,189329.31,1667174399999,4856151.5402,20612,83839.53,2150621.6329,0,0.008257963035784632,0.019584971131293,24.485714285714284,23.884666666666664,0.9685531674081244,0.872300696862464,0.023833594120917,0.019584971131293,0
2022-10-31,25.64,26.49,25.35,26.09,449270.56,1667260799999,11657554.9314,44442,204351.08,5302692.1285,0,0.017550702028081178,0.0197872172481039,24.955714285714286,23.945,0.7973258878461441,0.958884948691552,0.0197202470974469,0.0197872172481039,0
2022-11-01,26.1,26.43,25.58,25.85,223175.64,1667347199999,5809790.6289,23510,84134.39,2191569.9975,0,-0.009198926791874174,0.0197727024066963,25.24142857142857,24.005333333333333,0.6855758788896797,1.020059948655072,0.0183832003110507,0.0197727024066963,0
2022-11-02,25.86,26.27,24.92,25.02,318001.22,1667433599999,8170169.0179,35398,147123.94,3786745.244,0,-0.03210831721470031,0.0200789419647987,25.294285714285717,24.014333333333337,0.6454677152496803,1.0280167828137534,0.021816765323248,0.0200789419647987,0
2022-11-03,25.01,25.34,24.21,24.36,501278.24,1667519999999,12409914.2846,45383,202562.72,5013888.9514,0,-0.026378896882494063,0.0204818953046767,25.30857142857143,23.98933333333333,0.6193391255055858,1.0094038299677868,0.0235752029411525,0.0204818953046767,0
2022-11-04,24.35,25.9,24.11,25.46,520128.95,1667606399999,13015451.3155,47322,249062.45,6241717.1897,0,0.0451559934318555,0.0219635951496227,25.407142857142865,24.012666666666668,0.5724716670062209,1.035583904368989,0.0283100120754293,0.0219635951496227,0
2022-11-05,25.46,25.85,23.82,24.08,612885.25,1667692799999,15312856.8983,51441,268650.0,6724485.7606,0,-0.054202670856245194,0.0241083371057186,25.214285714285715,23.99866666666667,0.7601284352636134,1.0315998065718868,0.033650551754472,0.0241083371057186,1
2022-11-06,24.08,25.47,21.42,22.26,5440759.3,1667779199999,125790148.2898,371224,2436311.27,56388095.5257,0,-0.07558139534883712,0.027752987679242,24.731428571428573,23.924666666666667,1.3153761004805251,1.0746089371560736,0.0412603936411691,0.027752987679242,1
2022-11-07,22.25,23.9,21.66,22.08,7860774.58,1667865599999,175797508.876,382976,3479667.38,77862191.5983,0,-0.008086253369272378,0.0276811789565252,24.15857142857143,23.856666666666666,1.487082474416047,1.1251768698766262,0.0384942977258205,0.0276811789565252,0
2022-11-08,22.08,22.1,2.51,5.5,145391337.996,1667951999999,1212886765.696019,2742536,68602299.149,564023316.675143,0,-0.7509057971014492,0.1393809985527401,21.25142857142857,23.235333333333333,7.06386916774714,3.5331921030112734,0.2769128706451456,0.1393809985527401,1
2022-11-09,5.4992,6.46,2.012,2.2729,133848102.3,1668038399999,558874098.209048,1794122,64657067.57,272500984.159081,0,-0.5867454545454546,0.1727499141887463,18.001842857142858,22.52576333333333,9.7592114660727,5.20687033516579,0.3205263219033228,0.1727499141887463,1
2022-11-10,2.2871,4.4136,2.11,3.507,132839566.63,1668124799999,409976937.136013,1357862,66566184.91,205760272.043041,0,0.5429627348321528,0.2035332032436373,15.022842857142855,21.86766333333333,10.638032954429349,6.254458915954875,0.4284070333858869,0.2035332032436373,1
2022-11-11,3.5118,3.7499,2.3692,2.6045,82326843.59,1668211199999,243789771.200672,921379,40071715.52,118835239.171442,0,-0.2573424579412604,0.2076690108814905,11.757771428571427,21.17581333333333,10.405628452062947,7.165319093923643,0.4234014721093524,0.2076690108814905,1
2022-11-12,2.6084,2.635,1.8223,2.1046,62996263.89,1668297599999,136624950.701646,709080,30456566.88,66147412.571504,0,-0.19193703205989632,0.2094269199523241,8.618428571428572,20.46463333333333,9.32756405797973,7.948809194673939,0.4203131427928049,0.2094269199523241,1
2022-11-13,2.1059,2.29,1.4167,1.4869,66742552.81,1668383999999,124483968.117248,573923,31716902.11,59344985.425552,0,-0.2934999524850327,0.2141430372972494,5.650842857142857,19.73253,7.361396849524652,8.645282050808644,0.4185217218356259,0.2141430372972494,1
2022-11-14,1.4861,1.9,1.23,1.4928,45638329.72,1668470399999,68761222.805965,248733,19739345.08,29867938.590337,0,0.003967987087228231,0.2142383426888806,2.7098142857142853,19.00662333333333,1.4121823553503594,9.232349408117868,0.4195662808965657,0.2142383426888806,0
2022-11-15,1.4899,1.65,1.3986,1.4322,4602283.5,1668486599999,6919747.545447,24312,2142588.2,3232570.124761,0,-0.04059485530546625,0.2138243776195527,2.1287,18.263696666666668,0.7581621726260043,9.723661555177827,0.349557790672121,0.2138243776195527,0
